Network,Station,Latitude,Longitude,Elevation
1A,WP01,33.8405,-103.867302,1362.0
1A,WP02,32.591,-104.691704,1276.0
1A,WP03,32.491699,-104.515503,1272.0
1A,WP04,32.355202,-103.398499,1055.0
1A,WP05,32.264099,-103.879097,1043.0
1A,WP06,32.472599,-103.6343,1189.0
2D,CPA2,33.41564,-106.42682,1791.0
2D,CPA3,33.41528,-106.42422,1876.0
2D,E75NE,33.52572,-105.51639,1931.0
2D,E75NW,33.52524,-105.52387,1965.0
2D,E75SE,33.52182,-105.51933,1937.0
2D,E75SW,33.52017,-105.52563,1955.0
2D,N30CN,36.24936,-105.88982,2109.0
2D,N30CS,36.24667,-105.88869,2116.0
2D,N30NE,36.2543,-105.88112,2117.0
2D,N30NW,36.25351,-105.89539,2130.0
2D,N30SE,36.24336,-105.88268,2115.0
2D,N30SW,36.24199,-105.89442,2114.0
2D,N34C,36.57268,-105.75636,2196.0
2D,N34CE,36.57465,-105.75161,2190.0
2D,N34CN,36.57612,-105.75851,2213.0
2D,N34CS,36.56902,-105.75381,2180.0
2D,N34CW,36.57071,-105.76038,2202.0
2D,N34NE,36.57906,-105.74481,2189.0
2D,N34NW,36.58193,-105.76486,2238.0
2D,N34SE,36.56182,-105.75,2179.0
2D,N34SW,36.56435,-105.77022,2201.0
2D,N38CN,36.84652,-105.9477,2525.0
2D,N38CS,36.84292,-105.94946,2533.0
2D,N38NE,36.85066,-105.94092,2501.0
2D,N38NW,36.84904,-105.95472,2525.0
2D,N38SE,36.83933,-105.94431,2549.0
2D,N38SW,36.83828,-105.95766,2549.0
2D,NIS01,33.58932,-106.51945,1451.0
2D,NIS02,33.68668,-106.51437,1462.0
2D,NIS03,33.68159,-106.51202,1454.0
2D,NIS04,33.6784,-106.51325,1453.0
2D,NIS05,33.67468,-106.51651,1449.0
2D,NIS06,33.67267,-106.52283,1449.0
2D,NIS07,33.67044,-106.52832,1450.0
2D,NIS08,33.67044,-106.53555,1442.0
2D,NIS09,33.67365,-106.54089,1437.0
2D,NIS10,33.67915,-106.54246,1437.0
2D,NIS11,33.68394,-106.54036,1446.0
2D,NIS13,33.68738,-106.53046,1452.0
2D,NIS14,33.68897,-106.5257,1451.0
2D,SW7NE,33.1931,-106.94746,1518.0
2D,SW7NW,33.19105,-106.95114,1518.0
2D,SW7SE,33.18968,-106.94613,1529.0
2D,SW7SW,33.18788,-106.94966,1520.0
2D,W22CE,34.31088,-108.6876,2224.0
2D,W22CW,34.31085,-108.68952,2219.0
2D,W22NE,34.31347,-108.6852,2219.0
2D,W22NW,34.3134,-108.69095,2225.0
2D,W22SE,34.30831,-108.68582,2227.0
2D,W22SW,34.30816,-108.69191,2229.0
2D,W24CE,34.22887,-108.86768,2215.0
2D,W24NE,34.23115,-108.86532,2206.0
2D,W24NW,34.23089,-108.87072,2217.0
2D,W24SE,34.22624,-108.86574,2205.0
2D,W24SW,34.22606,-108.87143,2219.0
2D,W70E,33.64082,-107.09596,1463.0
2D,W70N,33.64509,-107.10112,1474.0
2D,W70S,33.63701,-107.09543,1465.0
2D,W70W,33.64088,-107.09969,1447.0
2D,WNKCE,31.69749,-103.34234,851.0
2D,WNKCW,31.69877,-103.34578,856.0
2D,WNKNE,31.70056,-103.33564,852.0
2D,WNKNW,31.70556,-103.34558,857.0
2D,WNKSE,31.6913,-103.34187,852.0
2D,WNKSW,31.6962,-103.35185,851.0
2D,WSCTS,33.60865,-106.60969,1437.0
2D,WSMDR,33.65046,-106.46021,1544.0
2D,WSOSC,33.50595,-106.17235,1391.0
2D,WSRHC,33.1966,-106.59466,1443.0
2D,WSSTL,33.80757,-106.6441,1498.0
2D,WSZUM,33.50274,-106.55849,1463.0
2E,9001,35.25763,-106.64381,1585.0
2E,9002,35.25774,-106.64885,1589.0
3A,LAGN,35.140099,-107.343697,1832.0
3A,LAGS,35.133301,-107.345497,1808.0
3A,LAGW,35.134701,-107.356201,1815.0
3A,LIS1,34.8564,-106.078003,1886.0
3A,LIS2,34.862701,-106.083199,1897.0
3A,LIS3,34.858799,-106.088097,1896.0
3A,MOTN,35.022598,-106.855698,1765.0
3A,MOTS,35.018398,-106.855598,1763.0
3A,MOTW,35.0182,-106.860603,1754.0
3A,EST1,34.069553,-107.005089,1891.0
3A,EST2,34.069569,-107.004494,1883.0
3A,NRTH,34.070192,-107.005486,1889.0
3A,STH1,34.068933,-107.005324,1894.0
3A,STH2,34.067864,-107.004203,1893.0
3A,WST1,34.068708,-107.006719,1920.0
3C,DUN1,32.553799,-109.090103,1257.0
3C,DUN2,32.5504,-109.172302,1394.0
3C,DUN3,32.598,-109.005798,1241.0
3C,DUN4,32.5774,-109.138496,1313.0
3C,DUN5,32.489201,-109.146004,1364.0
3C,TOM,32.683701,-109.138496,1188.0
3F,NE20,34.163898,-106.7733,1594.0
3F,NE40,34.242901,-106.584099,1819.0
3F,NE60,34.392799,-106.511299,1850.0
3F,W10,34.074299,-107.097702,1890.0
3F,W40,34.065601,-107.454697,2146.0
3F,W60,34.038502,-107.607498,2196.0
4T,NM01,32.35514,-103.39849,1038.0
4T,NM02,32.2641,-103.879,1045.4
4T,NM03,32.472544,-103.63428,1145.0
6C,425R,30.7862,-104.985703,1341.0
6D,FL3T,33.978325,-107.186569,3192.0
6D,MT3T,33.978275,-107.186684,3191.0
7P,PC01,31.4089,-103.5102,793.0
7P,PC02,31.4014,-103.543,801.0
7P,PC03,31.4026,-103.526,798.0
7P,PC04,31.4124,-103.4845,786.0
7P,PC05,31.4277,-103.5098,788.0
7P,PC06,31.4307,-103.4693,784.0
7P,PC07,31.3722,-103.5127,794.0
7P,PC08,31.3844,-103.4955,791.0
7P,PC09,31.3902,-103.4853,785.0
7P,PC10,31.4309,-103.4685,782.0
7P,PC11,31.5563,-103.8427,955.0
7P,PC12,31.3666,-103.4519,789.0
7P,PC13,31.3235,-103.4278,782.0
7P,PC14,31.2083,-103.658,850.0
7P,PC15,31.0196,-103.6562,912.0
7P,PC16,31.3552,-103.3341,811.0
7P,PC17,31.3777,-103.2713,794.0
7P,PC18,31.3371,-103.2994,813.0
7P,PC19,31.3253,-103.2752,812.0
7P,PC20,31.2804,-103.3227,829.0
7P,PC22,31.2875,-103.2202,809.0
7P,PC26,31.4312,-103.469,786.0
7P,PC30,31.3419,-103.5947,822.0
7P,PC31,31.3272,-103.6425,831.0
7P,PC34,31.4542,-103.5952,815.0
7P,PC35,31.4772,-103.6585,853.0
7P,PC36,31.50065,-103.4364,793.0
7P,PC37,31.4898,-103.4216,790.0
7P,PC39,31.4397,-103.5684,805.0
7P,PC41,31.3728,-103.4072,788.0
7P,PC42,31.3244,-103.5441,806.0
7P,PC43,31.2648,-103.5589,811.0
7P,PC44,31.3234,-103.4279,784.0
7P,PC45,31.2846,-103.3892,797.0
7P,PC50,31.4484,-103.6702,838.0
7P,PC51,31.4412,-103.6121,819.0
7P,PC53,31.4616,-103.6937,850.0
7P,PC54,31.4321,-103.7049,863.0
7P,PC60,31.09375,-103.60215,871.0
7P,PC61,31.2076,-103.57362,823.0
7P,PC62,31.21598,-103.32845,848.0
7P,PC63,31.12061,-103.25683,854.0
7P,PC64,31.05044,-103.15196,876.0
7P,PC65,31.52406,-103.36378,795.0
7P,PC66,31.56766,-103.3192,834.0
7P,PC67,31.14343,-103.39885,849.0
7P,PC68,31.18493,-103.36806,845.0
7P,PC69,31.11463,-103.67102,880.0
7P,PC70,31.23419,-103.75112,916.0
7P,PC71,31.06044,-103.73147,938.0
7P,PC73,31.6798,-103.60852,814.0
7P,PC74,31.57113,-103.52817,800.0
7P,PC75,31.52492,-103.52578,794.0
7P,PC76,31.47944,-103.49508,788.0
7P,PC80,31.50604,-103.72968,871.0
7P,PC81,31.28466,-103.38931,800.0
7P,PC82,31.28768,-103.2203,812.0
7P,PC83,31.00468,-103.65938,924.0
7P,PC84,31.55586,-103.84669,960.0
8A,1001,33.993332,-106.894058,1412.1
8A,1002,33.993271,-106.894363,1412.3
8A,1003,33.992519,-106.893913,1412.4
8A,2001,34.054047,-106.883873,1398.7
8A,2002,34.054039,-106.88443,1399.8
8A,3001,34.037052,-106.910408,1462.0
8A,3002,34.037273,-106.909943,1460.3
8L,VLS01,35.977035,-106.547925,2629.0
8L,VLS02,35.850935,-106.451916,2637.0
8L,VLS03,35.89386,-106.5666,2858.0
9D,1002,34.305466,-106.938232,1486.5
9D,1003,34.272987,-107.063019,1766.4
9D,1004,34.268093,-107.060791,1775.9
9D,1005,34.350864,-106.992233,1550.4
9D,1006,34.265446,-107.057945,1787.3
9D,1007,34.284199,-107.063599,1756.3
9D,1008,34.266247,-107.059013,1784.6
9D,1009,34.252403,-107.001945,1666.8
9D,1010,34.358475,-106.987167,1570.4
9D,1011,34.346462,-106.99382,1545.2
9D,1012,34.26955,-107.061058,1772.6
9D,1013,34.350098,-106.992287,1549.9
9D,1014,34.254288,-107.007904,1687.6
9D,1015,34.276524,-107.064804,1755.0
9D,1016,34.270798,-107.061363,1768.8
9D,1017,34.252518,-106.998466,1652.6
9D,1018,34.279423,-107.06263,1762.0
9D,1019,34.274727,-107.064377,1758.8
9D,1020,34.349697,-106.992332,1548.9
9D,1021,34.280598,-107.062706,1760.7
9D,1022,34.28231,-107.062904,1759.0
9D,1023,34.254192,-107.0056,1673.7
9D,1024,34.251881,-107.00016,1662.4
9D,1025,34.254715,-107.009598,1689.8
9D,1026,34.289593,-106.922844,1495.2
9D,1027,34.253422,-107.003838,1670.9
9D,1028,34.277992,-107.063148,1762.2
9D,1029,34.252876,-106.996338,1648.1
9D,1030,34.250805,-106.956627,1517.7
9D,1031,34.264977,-106.925659,1449.6
9D,1032,34.253429,-106.994392,1642.8
9D,1033,34.28738,-106.922752,1491.9
9D,1034,34.253914,-106.982132,1606.7
9D,1035,34.253658,-106.992119,1634.8
9D,1036,34.254387,-106.983902,1611.2
9D,1037,34.252666,-106.971336,1580.6
9D,1038,34.254047,-106.990021,1627.9
9D,1039,34.253246,-106.976128,1590.4
9D,1040,34.254288,-106.986664,1619.0
9D,1041,34.253696,-106.979225,1598.6
9D,1042,34.292892,-106.92263,1501.3
9D,1043,34.285133,-106.922768,1492.8
9D,1044,34.253212,-106.974205,1587.8
9D,1045,34.251686,-106.9674,1554.3
9D,1046,34.275982,-106.923019,1465.1
9D,1047,34.250759,-106.964844,1545.2
9D,1048,34.293289,-106.914352,1489.3
9D,1049,34.250786,-106.926826,1444.7
9D,1050,34.251575,-106.96933,1564.9
9D,1051,34.280247,-106.922791,1477.4
9D,1052,34.282623,-106.922813,1487.1
9D,1053,34.251591,-106.954285,1513.4
9D,1054,34.249763,-106.958466,1524.4
9D,1055,34.271805,-106.923859,1458.8
9D,1056,34.251133,-106.95108,1504.2
9D,1057,34.251087,-106.947319,1494.8
9D,1058,34.249893,-106.961586,1534.6
9D,1059,34.251846,-106.936302,1467.0
9D,1060,34.252377,-106.942703,1482.2
9D,1061,34.252178,-106.940987,1478.2
9D,1062,34.251137,-106.933807,1461.0
9D,1063,34.25185,-106.945282,1489.3
9D,1064,34.395657,-106.876595,1484.2
9D,1065,34.250912,-106.929077,1448.8
9D,1066,34.302429,-106.92421,1476.3
9D,1067,34.376476,-106.898125,1523.7
9D,1068,34.252132,-106.938736,1473.0
9D,1069,34.398884,-106.86924,1464.6
9D,1070,34.268402,-106.924744,1455.0
9D,1071,34.250835,-106.931747,1456.4
9D,1072,34.270615,-106.924164,1458.2
9D,1073,34.36882,-106.899704,1526.2
9D,1074,34.387337,-106.894341,1510.2
9D,1075,34.278004,-106.923721,1472.6
9D,1076,34.397133,-106.873245,1478.0
9D,1077,34.390919,-106.887627,1508.4
9D,1078,34.252613,-106.926735,1444.9
9D,1079,34.257275,-106.926697,1449.3
9D,1080,34.392185,-106.884682,1501.1
9D,1081,34.260406,-106.926849,1451.6
9D,1082,34.263271,-106.926094,1447.1
9D,1083,34.284107,-106.922752,1488.9
9D,1084,34.267048,-106.925102,1450.7
9D,1085,34.389305,-106.891357,1506.0
9D,1086,34.255116,-106.926704,1448.3
9D,1087,34.25948,-106.927094,1450.4
9D,1088,34.295849,-106.920929,1502.6
9D,1089,34.302223,-106.928116,1482.4
9D,1090,34.293961,-106.916672,1493.8
9D,1091,34.37859,-106.897514,1519.2
9D,1092,34.294743,-106.919098,1499.7
9D,1093,34.292625,-106.91217,1486.6
9D,1094,34.380756,-106.896873,1515.9
9D,1095,34.291988,-106.909988,1484.4
9D,1096,34.296322,-106.922867,1506.4
9D,1097,34.290882,-106.906181,1483.4
9D,1098,34.294773,-106.922844,1505.5
9D,1099,34.291611,-106.908615,1484.5
9D,1100,34.303257,-106.926292,1476.0
9D,1101,34.34087,-106.899193,1522.2
9D,1102,34.288967,-106.900307,1467.1
9D,1103,34.290516,-106.903709,1481.9
9D,1104,34.289536,-106.902283,1478.8
9D,1105,34.298233,-106.922646,1492.2
9D,1106,34.374939,-106.898506,1527.0
9D,1107,34.304684,-106.937881,1490.2
9D,1108,34.29108,-106.922852,1494.8
9D,1109,34.292027,-106.901047,1465.9
9D,1110,34.290531,-106.900253,1465.9
9D,1111,34.301399,-106.932335,1493.1
9D,1112,34.302574,-106.935944,1498.7
9D,1113,34.293106,-106.901611,1465.0
9D,1114,34.294277,-106.902031,1462.4
9D,1115,34.299503,-106.923523,1486.4
9D,1116,34.419529,-106.67849,1562.9
9D,1117,34.300621,-106.92382,1480.0
9D,1118,34.420845,-106.678841,1563.2
9D,1119,34.421963,-106.679138,1564.4
9D,1120,34.407368,-106.676132,1565.7
9D,1121,34.417877,-106.678505,1560.9
9D,1122,34.377689,-106.678406,1585.4
9D,1123,34.404346,-106.59243,1641.1
9D,1124,34.414177,-106.678459,1557.1
9D,1125,34.416706,-106.678482,1558.6
9D,1126,34.412582,-106.678459,1561.7
9D,1127,34.415527,-106.678459,1555.5
9D,1128,34.410896,-106.678452,1567.2
9D,1129,34.414734,-106.991226,1681.2
9D,1130,34.40834,-106.67849,1569.4
9D,1131,34.409718,-106.678436,1570.2
9D,1132,34.407394,-106.677551,1566.3
9D,1133,34.302143,-106.933571,1493.3
9D,1134,34.405087,-106.678253,1565.2
9D,1135,34.352722,-106.990784,1553.2
9D,1136,34.405365,-106.595116,1629.2
9D,1137,34.40453,-106.676926,1565.4
9D,1138,34.39819,-107.005119,1674.8
9D,1139,34.40358,-106.678246,1565.4
9D,1140,34.303768,-106.936928,1496.3
9D,1141,34.395786,-106.678345,1567.6
9D,1142,34.402115,-106.678261,1561.6
9D,1143,34.3983,-106.678329,1566.2
9D,1144,34.406357,-106.60154,1612.9
9D,1145,34.400265,-106.678314,1563.3
9D,1146,34.406528,-106.678246,1566.3
9D,1147,34.390041,-106.678375,1573.1
9D,1148,34.382931,-106.678322,1579.5
9D,1149,34.393299,-106.678383,1571.0
9D,1150,34.386681,-106.678391,1576.3
9D,1151,34.379845,-106.678421,1582.8
9D,1152,34.373459,-106.680145,1587.3
9D,1153,34.36858,-106.682739,1590.7
9D,1154,34.363323,-106.685509,1595.1
9D,1155,34.357449,-106.688515,1602.1
9D,1156,34.353188,-106.690727,1607.2
9D,1157,34.348129,-106.693451,1612.3
9D,1158,34.341328,-106.697021,1616.0
9D,1159,34.335213,-106.700226,1621.6
9D,1160,34.329098,-106.703468,1627.4
9D,1161,34.323833,-106.706223,1638.5
9D,1162,34.318329,-106.709206,1608.7
9D,1163,34.313599,-106.711517,1593.2
9D,1164,34.308594,-106.714378,1599.8
9D,1165,34.291466,-106.725128,1590.2
9D,1166,34.299217,-106.716988,1604.8
9D,1167,34.295101,-106.718002,1608.5
9D,1168,34.290352,-106.720711,1599.7
9D,1169,34.286728,-106.723122,1597.9
9D,1170,34.283871,-106.726692,1592.0
9D,1171,34.280193,-106.730019,1590.6
9D,1172,34.27729,-106.73291,1584.5
9D,1173,34.27441,-106.7351,1579.6
9D,1175,34.270695,-106.739082,1581.7
9D,1176,34.271084,-106.743164,1577.4
9D,1177,34.271278,-106.747543,1575.1
9D,1178,34.273567,-106.923409,1461.4
9D,1179,34.271481,-106.757744,1568.6
9D,1180,34.271454,-106.762932,1570.9
9D,1181,34.271507,-106.76725,1574.4
9D,1182,34.271511,-106.772041,1576.5
9D,1183,34.269695,-106.775925,1572.2
9D,1184,34.266747,-106.777237,1575.6
9D,1185,34.263847,-106.777374,1583.0
9D,1186,34.261501,-106.780869,1578.8
9D,1187,34.258308,-106.781998,1586.0
9D,1188,34.254902,-106.783546,1587.3
9D,1189,34.250771,-106.78521,1581.5
9D,1190,34.247662,-106.786461,1578.0
9D,1191,34.243149,-106.788681,1569.5
9D,1192,34.238239,-106.790756,1564.8
9D,1193,34.23457,-106.792473,1562.8
9D,1194,34.230606,-106.794365,1555.8
9D,1195,34.25618,-106.673164,1687.7
9D,1196,34.408772,-106.9869,1695.2
9D,1197,34.223591,-106.796867,1553.8
9D,1198,34.220207,-106.797852,1547.0
9D,1199,34.217785,-106.797455,1540.8
9D,1200,34.215027,-106.79744,1538.6
9D,1201,34.212288,-106.797539,1536.3
9D,1202,34.214504,-106.793541,1538.9
9D,1203,34.216702,-106.790321,1541.4
9D,1204,34.219128,-106.787308,1546.1
9D,1205,34.220612,-106.784355,1553.1
9D,1206,34.222008,-106.780502,1559.7
9D,1207,34.220974,-106.777328,1564.8
9D,1208,34.219696,-106.774734,1570.2
9D,1209,34.294861,-107.061058,1752.7
9D,1210,34.218864,-106.695831,1711.4
9D,1211,34.215973,-106.770119,1572.4
9D,1212,34.213596,-106.767891,1574.9
9D,1213,34.406139,-106.991951,1670.1
9D,1214,34.213634,-106.762321,1588.5
9D,1215,34.212059,-106.760361,1592.5
9D,1216,34.211674,-106.757629,1592.9
9D,1217,34.221184,-106.771019,1572.1
9D,1218,34.224052,-106.769424,1577.0
9D,1219,34.22739,-106.767365,1581.8
9D,1220,34.231178,-106.765038,1586.8
9D,1221,34.233353,-106.76078,1595.6
9D,1222,34.220589,-106.710167,1682.3
9D,1223,34.240108,-106.751274,1618.7
9D,1224,34.242702,-106.748642,1621.0
9D,1225,34.252956,-106.67308,1687.5
9D,1226,34.251369,-106.741089,1605.8
9D,1227,34.221165,-106.704323,1701.2
9D,1228,34.26004,-106.735184,1598.5
9D,1229,34.265072,-106.731934,1597.3
9D,1230,34.26786,-106.734085,1593.3
9D,1231,34.404102,-106.675201,1567.1
9D,1233,34.402958,-106.67054,1569.6
9D,1234,34.402306,-106.667786,1567.9
9D,1235,34.40176,-106.665657,1566.8
9D,1236,34.40065,-106.663307,1569.2
9D,1237,34.398884,-106.661583,1573.3
9D,1238,34.396358,-106.659515,1577.0
9D,1239,34.394253,-106.657799,1580.6
9D,1240,34.392036,-106.656052,1583.4
9D,1241,34.39024,-106.654617,1586.6
9D,1242,34.388054,-106.652847,1591.3
9D,1243,34.385887,-106.651123,1595.7
9D,1244,34.3839,-106.649376,1598.0
9D,1245,34.381649,-106.647728,1602.4
9D,1246,34.379093,-106.645721,1607.8
9D,1247,34.376667,-106.643806,1614.6
9D,1248,34.373653,-106.641434,1620.7
9D,1249,34.371288,-106.639572,1624.9
9D,1250,34.368763,-106.63765,1631.5
9D,1251,34.366467,-106.635841,1636.8
9D,1252,34.364063,-106.633965,1642.4
9D,1253,34.361507,-106.631943,1647.5
9D,1254,34.358734,-106.629791,1655.0
9D,1255,34.294788,-106.737831,1566.7
9D,1256,34.355392,-106.624031,1673.2
9D,1257,34.358738,-106.623451,1671.6
9D,1258,34.361561,-106.623283,1668.1
9D,1259,34.363834,-106.621674,1668.7
9D,1260,34.365765,-106.61956,1670.8
9D,1261,34.368198,-106.61792,1668.3
9D,1262,34.353157,-106.625259,1668.7
9D,1263,34.356159,-106.627769,1662.0
9D,1264,34.350067,-106.62262,1675.7
9D,1265,34.348145,-106.621239,1676.3
9D,1266,34.345539,-106.620392,1676.3
9D,1267,34.343849,-106.621773,1675.4
9D,1268,34.342117,-106.623276,1675.4
9D,1269,34.370796,-106.616089,1664.5
9D,1270,34.373665,-106.614098,1661.7
9D,1271,34.376503,-106.612228,1660.0
9D,1272,34.379742,-106.610374,1655.9
9D,1273,34.383049,-106.609161,1649.3
9D,1274,34.386181,-106.608604,1639.6
9D,1275,34.389462,-106.607742,1633.1
9D,1276,34.393002,-106.606384,1626.8
9D,1277,34.396412,-106.605537,1622.1
9D,1278,34.399818,-106.605522,1618.8
9D,1279,34.402607,-106.605324,1614.5
9D,1280,34.405491,-106.605186,1612.1
9D,1281,34.407406,-106.606194,1607.8
9D,1282,34.407413,-106.608368,1608.8
9D,1283,34.407398,-106.610809,1605.1
9D,1284,34.407398,-106.613274,1603.2
9D,1285,34.407398,-106.616302,1600.3
9D,1286,34.407394,-106.619225,1597.6
9D,1287,34.407391,-106.622231,1596.3
9D,1288,34.407387,-106.625908,1593.6
9D,1289,34.407413,-106.629883,1591.0
9D,1290,34.407402,-106.633804,1586.6
9D,1291,34.407402,-106.638435,1581.7
9D,1292,34.407398,-106.643349,1578.3
9D,1293,34.407364,-106.648567,1573.7
9D,1294,34.407372,-106.653847,1570.9
9D,1295,34.407372,-106.65892,1569.3
9D,1296,34.407352,-106.663307,1567.3
9D,1297,34.407368,-106.66629,1565.9
9D,1298,34.407372,-106.669701,1563.3
9D,1299,34.407372,-106.671906,1564.7
9D,1300,34.407372,-106.67392,1569.3
9D,1301,34.339958,-106.625099,1676.3
9D,1302,34.33786,-106.626907,1677.0
9D,1303,34.335983,-106.628593,1676.9
9D,1304,34.291782,-106.728996,1583.7
9D,1305,34.29351,-106.735046,1573.5
9D,1306,34.329884,-106.634056,1675.0
9D,1307,34.327911,-106.635818,1674.7
9D,1308,34.325222,-106.638199,1678.3
9D,1309,34.322845,-106.640305,1682.2
9D,1310,34.320129,-106.642776,1685.9
9D,1311,34.317207,-106.645432,1689.9
9D,1312,34.314564,-106.64782,1691.3
9D,1313,34.31292,-106.649368,1691.6
9D,1314,34.311218,-106.651154,1691.8
9D,1315,34.309765,-106.65274,1691.4
9D,1316,34.305511,-106.655968,1687.8
9D,1317,34.302532,-106.657539,1688.1
9D,1318,34.39558,-107.010201,1704.9
9D,1319,34.40976,-106.980698,1668.2
9D,1320,34.409962,-106.984245,1686.3
9D,1321,34.405338,-106.994087,1676.7
9D,1322,34.292564,-106.732056,1576.1
9D,1323,34.300014,-106.658875,1686.5
9D,1324,34.296993,-106.6605,1685.9
9D,1325,34.294888,-106.661629,1683.9
9D,1326,34.296486,-106.747467,1554.1
9D,1327,34.29184,-106.663261,1685.4
9D,1328,34.220364,-106.697609,1736.4
9D,1329,34.288219,-106.665161,1685.9
9D,1330,34.285976,-106.666344,1688.3
9D,1331,34.295719,-106.753494,1544.4
9D,1332,34.282982,-106.667992,1693.2
9D,1333,34.249359,-106.674309,1692.3
9D,1334,34.280003,-106.669884,1696.7
9D,1335,34.27898,-106.671455,1698.6
9D,1336,34.302982,-106.773994,1534.5
9D,1337,34.276016,-106.673714,1697.8
9D,1338,34.230854,-106.678108,1702.2
9D,1339,34.273712,-106.675949,1699.8
9D,1340,34.272682,-106.67746,1697.2
9D,1342,34.277859,-106.677216,1691.1
9D,1343,34.301163,-106.769936,1533.1
9D,1344,34.282188,-106.679176,1688.2
9D,1345,34.28413,-106.680107,1683.1
9D,1346,34.28606,-106.681068,1680.7
9D,1347,34.288025,-106.682091,1677.6
9D,1348,34.296326,-106.762054,1538.3
9D,1349,34.29147,-106.683891,1672.2
9D,1350,34.29414,-106.685074,1667.8
9D,1351,34.296413,-106.738831,1565.3
9D,1352,34.297848,-106.686501,1665.5
9D,1353,34.301956,-106.688087,1660.2
9D,1354,34.30492,-106.690208,1657.2
9D,1355,34.295662,-106.757912,1542.0
9D,1356,34.307499,-106.692009,1653.4
9D,1357,34.310051,-106.693871,1648.6
9D,1358,34.312092,-106.695366,1648.7
9D,1359,34.3148,-106.697311,1650.6
9D,1360,34.31768,-106.699463,1649.8
9D,1361,34.320126,-106.70118,1647.8
9D,1362,34.32246,-106.702682,1642.3
9D,1363,34.321056,-106.707748,1619.7
9D,1364,34.327274,-106.704407,1632.3
9D,1365,34.325661,-106.708191,1630.7
9D,1366,34.326324,-106.711037,1626.9
9D,1367,34.417698,-106.992775,1689.7
9D,1368,34.332191,-106.701782,1625.3
9D,1369,34.316322,-106.710289,1602.2
9D,1370,34.301201,-106.930748,1487.2
9D,1371,34.405426,-106.68026,1566.4
9D,1372,34.405876,-106.682114,1566.2
9D,1373,34.406322,-106.683876,1565.3
9D,1374,34.407143,-106.687263,1562.8
9D,1375,34.407406,-106.692657,1549.2
9D,1376,34.401726,-107.001495,1669.6
9D,1377,34.407421,-106.69001,1555.9
9D,1378,34.406036,-106.598129,1621.2
9D,1379,34.269932,-106.677299,1670.6
9D,1380,34.268105,-106.677971,1669.2
9D,1381,34.265484,-106.678078,1673.1
9D,1382,34.241959,-106.675308,1705.8
9D,1383,34.262329,-106.675156,1676.0
9D,1384,34.260235,-106.673477,1686.1
9D,1385,34.260159,-106.670578,1709.7
9D,1386,34.25983,-106.666428,1710.0
9D,1387,34.260502,-106.662804,1709.0
9D,1388,34.261139,-106.65963,1719.4
9D,1389,34.26284,-106.656609,1748.4
9D,1390,34.263336,-106.652901,1755.7
9D,1391,34.264137,-106.648628,1768.8
9D,1392,34.264111,-106.644325,1768.3
9D,1393,34.263485,-106.640816,1763.8
9D,1394,34.265968,-106.638992,1770.6
9D,1395,34.267593,-106.636269,1772.2
9D,1396,34.268513,-106.632767,1779.5
9D,1397,34.268913,-106.629349,1785.6
9D,1398,34.269787,-106.625801,1792.8
9D,1399,34.270947,-106.622086,1800.7
9D,1400,34.245537,-106.674408,1698.1
9D,1401,34.238293,-106.676552,1708.3
9D,1402,34.222717,-106.681824,1705.5
9D,1403,34.310078,-106.693909,1651.3
9D,1404,34.310055,-106.693893,1650.3
9D,1405,34.217728,-106.772621,1568.8
9D,1406,34.234821,-106.757294,1607.0
9D,1407,34.310066,-106.693901,1649.6
9D,1408,34.280888,-106.678612,1689.3
9D,1409,34.217758,-106.772614,1568.9
9D,1410,34.310074,-106.693886,1650.0
9D,1411,34.217697,-106.772614,1568.6
9D,1412,34.217697,-106.772575,1568.3
9D,1413,34.217728,-106.772568,1568.7
9D,1414,34.217754,-106.772583,1569.2
9D,1415,34.217201,-106.717339,1666.4
9D,1416,34.248741,-106.742867,1608.8
9D,1417,34.245869,-106.745461,1615.0
9D,1418,34.225563,-106.680183,1700.2
9D,1419,34.254368,-106.739059,1609.2
9D,1420,34.384838,-106.911674,1534.3
9D,1421,34.254585,-106.983887,1610.3
9D,1422,34.296959,-106.576508,1868.7
9D,1423,34.405228,-106.999031,1684.5
9D,1424,34.310707,-106.571014,1901.6
9D,1425,34.295067,-106.576912,1869.0
9D,1426,34.407825,-106.987915,1683.9
9D,1427,34.293102,-106.578041,1863.9
9D,1428,34.291332,-106.580627,1866.6
9D,1429,34.292618,-106.579102,1859.7
9D,1430,34.293999,-106.57737,1867.4
9D,1431,34.395699,-107.007919,1689.5
9D,1432,34.298222,-106.57637,1870.6
9D,1433,34.300117,-106.575943,1874.7
9D,1434,34.301186,-106.575104,1878.4
9D,1435,34.302677,-106.574631,1881.9
9D,1436,34.304207,-106.574532,1888.3
9D,1437,34.305904,-106.573853,1887.1
9D,1438,34.307426,-106.572861,1895.9
9D,1439,34.309326,-106.571739,1902.5
9D,1440,34.405197,-106.996521,1680.5
9D,1441,34.312855,-106.569412,1905.9
9D,1442,34.31435,-106.568375,1913.7
9D,1443,34.315735,-106.566818,1912.5
9D,1444,34.317127,-106.564949,1917.4
9D,1445,34.318691,-106.564079,1921.2
9D,1446,34.321156,-106.563736,1928.5
9D,1447,34.322765,-106.561737,1937.3
9D,1448,34.320236,-106.563942,1923.7
9D,1449,34.324444,-106.560425,1942.5
9D,1450,34.326557,-106.560379,1944.7
9D,1451,34.32761,-106.558426,1952.6
9D,1452,34.329792,-106.557426,1961.4
9D,1453,34.332096,-106.557259,1957.7
9D,1454,34.334286,-106.556648,1963.0
9D,1455,34.337112,-106.556458,1966.2
9D,1456,34.339687,-106.555779,1975.4
9D,1457,34.342243,-106.554527,1981.4
9D,1458,34.34465,-106.553185,1992.6
9D,1459,34.347115,-106.55249,1999.6
9D,1460,34.349438,-106.551918,2008.9
9D,1461,34.352348,-106.551834,2013.5
9D,1462,34.355103,-106.550018,2028.7
9D,1463,34.357635,-106.549339,2044.2
9D,1464,34.360104,-106.548477,2029.2
9D,1465,34.361477,-106.546814,2022.1
9D,1466,34.362469,-106.54464,2005.4
9D,1467,34.363518,-106.542191,1992.9
9D,1468,34.364483,-106.539536,1980.5
9D,1469,34.36462,-106.536674,1968.2
9D,1470,34.364651,-106.534065,1958.1
9D,1471,34.40258,-106.585571,1667.6
9D,1472,34.366325,-106.532593,1954.8
9D,1473,34.367634,-106.532906,1957.1
9D,1474,34.40358,-106.588303,1657.4
9D,1475,34.370628,-106.533318,1966.4
9D,1476,34.37241,-106.533409,1972.6
9D,1477,34.374107,-106.534004,1984.6
9D,1478,34.397373,-107.005981,1676.2
9D,1479,34.376621,-106.533173,1998.0
9D,1480,34.3787,-106.532814,1983.7
9D,1481,34.380325,-106.531647,1964.0
9D,1482,34.381859,-106.531639,1941.6
9D,1483,34.383812,-106.530571,1929.2
9D,1484,34.385426,-106.528709,1917.9
9D,1485,34.386166,-106.525238,1904.8
9D,1486,34.387672,-106.524231,1906.0
9D,1487,34.38974,-106.523605,1896.5
9D,1488,34.391758,-106.523293,1887.2
9D,1489,34.393707,-106.522438,1874.9
9D,1490,34.395897,-106.521706,1863.3
9D,1491,34.398281,-106.521561,1855.9
9D,1492,34.400452,-106.521996,1847.2
9D,1493,34.402431,-106.521355,1838.0
9D,1494,34.405701,-106.520821,1823.2
9D,1495,34.407639,-106.521751,1814.3
9D,1496,34.408733,-106.523003,1809.9
9D,1497,34.410824,-106.52359,1802.6
9D,1498,34.399597,-106.578873,1697.9
9D,1499,34.412136,-106.522842,1796.0
9D,1500,34.414047,-106.522575,1786.4
9D,1501,34.415615,-106.521561,1780.9
9D,1502,34.417236,-106.520142,1773.6
9D,1503,34.418243,-106.519547,1766.2
9D,1504,34.4002,-106.580734,1690.0
9D,1505,34.398907,-106.576485,1708.4
9D,1506,34.222218,-106.797928,1548.8
9D,1507,34.298267,-106.764511,1535.8
9D,1508,34.245567,-106.787552,1572.6
9D,1509,34.332973,-106.631294,1673.5
9D,1510,34.271236,-106.619911,1804.7
9D,1511,34.319221,-106.643631,1687.4
9D,1512,34.316006,-106.646523,1692.0
9D,1513,34.296139,-106.750107,1550.7
9D,1514,34.3041,-106.776123,1532.1
9D,1515,34.27182,-106.754639,1567.2
9D,1516,34.409374,-106.977806,1646.4
9D,1517,34.311691,-106.712578,1591.9
9D,1518,34.302132,-106.716599,1607.7
9D,1519,34.306999,-106.716255,1614.8
9D,1520,34.30196,-106.772018,1535.5
9D,1521,34.291676,-106.719505,1596.6
9D,1522,34.257282,-106.737068,1599.2
9D,1523,34.282532,-106.727898,1590.6
9D,1524,34.221001,-106.686913,1696.0
9D,1525,34.218262,-106.713318,1674.2
9D,1526,34.237801,-106.753563,1614.5
9D,1527,34.226791,-106.79599,1550.3
9D,1528,34.216454,-106.720688,1657.0
9D,1529,34.262505,-106.733566,1598.2
9D,1530,34.406898,-106.989754,1667.5
9D,1531,34.339741,-106.743538,1598.5
9D,1532,34.338379,-106.74041,1601.7
9D,1533,34.336575,-106.736038,1606.8
9D,1534,34.335274,-106.732079,1610.5
9D,1535,34.333569,-106.728279,1614.2
9D,1536,34.331787,-106.724525,1617.7
9D,1537,34.330448,-106.721313,1619.2
9D,1538,34.300438,-106.766899,1535.2
9D,1539,34.328575,-106.717201,1623.4
9D,1540,34.327175,-106.713699,1624.7
9D,1541,34.37146,-106.68116,1589.3
9D,1542,34.375343,-106.679146,1586.9
9D,1543,34.360554,-106.686966,1599.0
9D,1544,34.343628,-106.695831,1616.0
9D,1545,34.339558,-106.697922,1618.4
9D,1546,34.345978,-106.694557,1613.8
9D,1547,34.365978,-106.684059,1593.5
9D,1548,34.350513,-106.692139,1610.9
9D,1549,34.355614,-106.689499,1604.7
9D,1550,34.295799,-106.743652,1558.6
9D,1551,34.337467,-106.699059,1620.2
9D,1554,34.073513,-106.920662,1439.1
9D,1555,34.073509,-106.920685,1439.5
9D,1556,34.073524,-106.92067,1437.7
9D,1557,34.073524,-106.92067,1438.7
9D,1558,34.254597,-106.983871,1611.4
9D,1559,34.357498,-106.988937,1564.3
9D,1560,34.254597,-106.983849,1610.9
9D,1561,34.254566,-106.983841,1610.2
9D,1562,34.384827,-106.911667,1534.2
9D,1563,34.384811,-106.91169,1533.7
9D,1564,34.386154,-106.910065,1531.1
9D,1565,34.384239,-106.911987,1532.5
9D,1566,34.384808,-106.911682,1534.0
9D,1567,34.400002,-106.867348,1462.2
9D,1568,34.404297,-106.864738,1455.8
9D,1569,34.398125,-106.870949,1465.4
9D,1570,34.404881,-106.867599,1457.3
9D,1571,34.405293,-106.869545,1459.0
9D,1572,34.40567,-106.871513,1460.1
9D,1573,34.406078,-106.873405,1461.6
9D,1574,34.406452,-106.87529,1465.0
9D,1575,34.406803,-106.877121,1465.8
9D,1576,34.407188,-106.878838,1469.6
9D,1577,34.407528,-106.880737,1475.2
9D,1578,34.393303,-106.882088,1495.6
9D,1579,34.407967,-106.88295,1474.9
9D,1580,34.408298,-106.884468,1477.1
9D,1581,34.408596,-106.885986,1477.9
9D,1582,34.409008,-106.887718,1478.8
9D,1583,34.409355,-106.889526,1480.1
9D,1584,34.409775,-106.891502,1486.8
9D,1585,34.40979,-106.893288,1490.1
9D,1586,34.416267,-106.992241,1685.6
9D,1587,34.40921,-106.895004,1493.6
9D,1588,34.407997,-106.896576,1496.0
9D,1589,34.40699,-106.89817,1499.3
9D,1590,34.38483,-106.895378,1514.0
9D,1591,34.40694,-106.900787,1502.7
9D,1592,34.406528,-106.902512,1508.7
9D,1593,34.411324,-106.991814,1670.9
9D,1594,34.40572,-106.905128,1508.9
9D,1595,34.38298,-106.896103,1515.6
9D,1596,34.40522,-106.907135,1511.7
9D,1597,34.40485,-106.908661,1513.7
9D,1598,34.418488,-107.002838,1721.0
9D,1599,34.404778,-106.91169,1518.2
9D,1600,34.404774,-106.914055,1520.9
9D,1601,34.418324,-107.000511,1713.5
9D,1602,34.404854,-106.916939,1524.9
9D,1603,34.405197,-106.918739,1529.5
9D,1604,34.404968,-106.920876,1533.6
9D,1605,34.399548,-107.003716,1672.7
9D,1606,34.405598,-106.923775,1537.8
9D,1607,34.406902,-106.925858,1539.0
9D,1608,34.419285,-107.006607,1735.4
9D,1609,34.407505,-106.928764,1544.2
9D,1610,34.407921,-106.930878,1548.1
9D,1611,34.418026,-106.997948,1705.6
9D,1612,34.408657,-106.934364,1553.1
9D,1613,34.409279,-106.937347,1559.2
9D,1614,34.404442,-106.999657,1677.6
9D,1615,34.409889,-106.940231,1565.9
9D,1616,34.410374,-106.942574,1568.8
9D,1617,34.410923,-106.945274,1572.2
9D,1618,34.418999,-107.004494,1725.2
9D,1619,34.411373,-106.947395,1576.7
9D,1620,34.411652,-106.949715,1587.2
9D,1621,34.411831,-106.951866,1590.5
9D,1622,34.411942,-106.953766,1593.0
9D,1623,34.41143,-106.955727,1594.7
9D,1624,34.411125,-106.957542,1604.0
9D,1625,34.411129,-106.959511,1609.5
9D,1626,34.410831,-106.961838,1614.0
9D,1627,34.411282,-106.964348,1618.3
9D,1628,34.411179,-106.967087,1633.6
9D,1629,34.411842,-106.970062,1642.2
9D,1630,34.411671,-106.971512,1639.4
9D,1631,34.41016,-106.973145,1638.4
9D,1632,34.396931,-107.006424,1677.1
9D,1633,34.417847,-106.995811,1698.9
9D,1634,34.409782,-106.975555,1640.6
9D,1635,34.411858,-106.968605,1632.2
9D,1636,34.362587,-106.900444,1524.7
9D,1637,34.362835,-106.964783,1572.7
9D,1638,34.353653,-106.990677,1555.2
9D,1639,34.364109,-106.963875,1573.3
9D,1640,34.36499,-106.963112,1572.3
9D,1641,34.400616,-107.002693,1671.2
9D,1642,34.366219,-106.961975,1578.6
9D,1643,34.348316,-106.992599,1552.5
9D,1644,34.367592,-106.96125,1583.6
9D,1645,34.341961,-106.899376,1522.5
9D,1646,34.368832,-106.960327,1587.1
9D,1647,34.355835,-106.989746,1561.7
9D,1648,34.369061,-106.957947,1590.4
9D,1649,34.408962,-106.994141,1672.4
9D,1650,34.369579,-106.955208,1585.2
9D,1651,34.346973,-106.993385,1544.0
9D,1652,34.370373,-106.952927,1582.3
9D,1653,34.370766,-106.951439,1579.9
9D,1654,34.365688,-106.900162,1526.2
9D,1655,34.371449,-106.948875,1573.2
9D,1656,34.358315,-106.987656,1567.9
9D,1657,34.372005,-106.946564,1568.4
9D,1658,34.372513,-106.945084,1565.4
9D,1659,34.40276,-107.000458,1673.2
9D,1660,34.373341,-106.942688,1561.6
9D,1661,34.347252,-106.993149,1545.5
9D,1662,34.374554,-106.940048,1557.1
9D,1663,34.348946,-106.992424,1549.1
9D,1664,34.376122,-106.936798,1552.8
9D,1665,34.377159,-106.934563,1549.2
9D,1666,34.377926,-106.932724,1548.2
9D,1667,34.378761,-106.930908,1546.8
9D,1668,34.379627,-106.929192,1542.4
9D,1669,34.380287,-106.927612,1542.0
9D,1670,34.380962,-106.92569,1540.3
9D,1671,34.381241,-106.923439,1537.0
9D,1672,34.381523,-106.921379,1533.3
9D,1673,34.38166,-106.919144,1530.0
9D,1674,34.382214,-106.917068,1528.4
9D,1675,34.382446,-106.914742,1532.8
9D,1676,34.383461,-106.912796,1533.6
9D,1677,34.384846,-106.911674,1532.1
9D,1678,34.385532,-106.91082,1531.2
9D,1679,34.387215,-106.908485,1528.9
9D,1680,34.388443,-106.906433,1521.0
9D,1681,34.389477,-106.904602,1516.1
9D,1682,34.390778,-106.90239,1517.8
9D,1683,34.392021,-106.900612,1515.4
9D,1684,34.393375,-106.898834,1511.6
9D,1685,34.394547,-106.897232,1509.4
9D,1686,34.39587,-106.895355,1507.7
9D,1687,34.397171,-106.893417,1505.6
9D,1688,34.398209,-106.891121,1499.9
9D,1689,34.399246,-106.88929,1495.6
9D,1690,34.400787,-106.888344,1494.5
9D,1691,34.402073,-106.88739,1496.9
9D,1692,34.403412,-106.886475,1493.4
9D,1693,34.404682,-106.885658,1488.8
9D,1694,34.405682,-106.884094,1482.0
9D,1695,34.406425,-106.882797,1477.6
9D,1696,34.262127,-107.058876,1787.5
9D,1697,34.26368,-107.058647,1784.6
9D,1698,34.347843,-106.99279,1546.3
9D,1699,34.261803,-107.05674,1776.2
9D,1701,34.26099,-107.052483,1757.7
9D,1702,34.26009,-107.050751,1757.0
9D,1703,34.259914,-107.049049,1767.0
9D,1704,34.260479,-107.048126,1769.1
9D,1705,34.261059,-107.046227,1755.5
9D,1706,34.261723,-107.04483,1756.6
9D,1707,34.26276,-107.044411,1742.2
9D,1708,34.263275,-107.043076,1735.0
9D,1709,34.263683,-107.041496,1730.4
9D,1710,34.264282,-107.039948,1726.8
9D,1711,34.26432,-107.038231,1719.9
9D,1712,34.264427,-107.036575,1715.3
9D,1714,34.264297,-107.033379,1710.2
9D,1715,34.35989,-106.984062,1580.0
9D,1716,34.263203,-107.031258,1712.1
9D,1717,34.346024,-106.994453,1542.5
9D,1718,34.262272,-107.029984,1717.1
9D,1719,34.261223,-107.028427,1726.5
9D,1720,34.261066,-107.026978,1736.7
9D,1721,34.260612,-107.025856,1744.0
9D,1722,34.259941,-107.024734,1750.9
9D,1723,34.359531,-106.984856,1575.0
9D,1724,34.258911,-107.023529,1740.2
9D,1725,34.257977,-107.023102,1737.0
9D,1726,34.256893,-107.022522,1728.6
9D,1727,34.352325,-106.990799,1552.5
9D,1728,34.25526,-107.022049,1723.5
9D,1729,34.358932,-106.985809,1571.0
9D,1730,34.254227,-107.02195,1718.6
9D,1731,34.252411,-107.021942,1710.2
9D,1732,34.251411,-107.022003,1705.9
9D,1733,34.249962,-107.021996,1699.2
9D,1734,34.412884,-106.990913,1674.6
9D,1735,34.357983,-106.988319,1566.3
9D,1736,34.248547,-107.021179,1692.7
9D,1737,34.247227,-107.020935,1686.4
9D,1738,34.248199,-107.020004,1693.2
9D,1739,34.351498,-106.991074,1550.7
9D,1740,34.248821,-107.019173,1698.7
9D,1741,34.248772,-107.018242,1702.2
9D,1742,34.248737,-107.017441,1705.1
9D,1743,34.248383,-107.017227,1709.2
9D,1744,34.249119,-107.01619,1714.4
9D,1746,34.251507,-107.013504,1714.8
9D,1747,34.25317,-107.012878,1706.8
9D,1748,34.254837,-107.011612,1699.9
9D,1749,34.354321,-106.990295,1555.8
9D,1750,34.285984,-107.06382,1754.0
9D,1751,34.287609,-107.063316,1753.6
9D,1752,34.289703,-107.063782,1750.9
9D,1753,34.291073,-107.063004,1750.7
9D,1754,34.292812,-107.062462,1751.2
9D,1755,34.294262,-107.06147,1753.0
9D,1756,34.295647,-107.060501,1754.0
9D,1757,34.29678,-107.059982,1754.3
9D,1758,34.297997,-107.059639,1755.2
9D,1759,34.299103,-107.059387,1757.2
9D,1760,34.405933,-106.521103,1825.1
9D,1762,34.401531,-106.583115,1679.2
9D,1763,34.405708,-106.520844,1825.4
9D,1764,34.405697,-106.520805,1824.2
9D,1765,34.405689,-106.520828,1825.4
9D,1766,34.405689,-106.520828,1823.3
9D,1767,34.361008,-106.965065,1566.0
9D,1768,34.353134,-106.990814,1554.9
9D,1769,34.359283,-106.965858,1564.6
9D,1770,34.394642,-106.879044,1487.0
9D,1771,34.359718,-106.968216,1570.1
9D,1772,34.351048,-106.991318,1551.2
9D,1773,34.360397,-106.970467,1570.9
9D,1774,34.373051,-106.898903,1528.8
9D,1775,34.360664,-106.973167,1578.2
9D,1776,34.354961,-106.990059,1558.2
9D,1777,34.360771,-106.975243,1584.1
9D,1778,34.356396,-106.989525,1559.6
9D,1779,34.360683,-106.977135,1589.0
9D,1780,34.360107,-106.981697,1588.7
9D,1781,34.360748,-106.979156,1592.1
9D,1782,34.361012,-106.980247,1595.1
9D,1783,34.21114,-106.754631,1594.1
9D,1784,34.227646,-106.680458,1707.4
9D,1785,34.210289,-106.748878,1599.6
9D,1786,34.210079,-106.74617,1603.5
9D,1787,34.223049,-106.700394,1729.8
9D,1788,34.210743,-106.741035,1617.6
9D,1789,34.211422,-106.737755,1624.8
9D,1790,34.235157,-106.677788,1707.1
9D,1791,34.213467,-106.733147,1637.1
9D,1792,34.221115,-106.692604,1685.7
9D,1793,34.215504,-106.730545,1644.5
9D,1794,34.217709,-106.727058,1654.8
9D,1795,34.222168,-106.68425,1697.1
9D,1796,34.215305,-106.724464,1647.5
9D,1797,34.358906,-106.900642,1525.0
9D,1798,34.357212,-106.901009,1524.8
9D,1799,34.355286,-106.901024,1525.4
9D,1800,34.353294,-106.900665,1526.0
9D,1801,34.351463,-106.900543,1525.7
9D,1802,34.349861,-106.900452,1527.6
9D,1803,34.348518,-106.90033,1528.9
9D,1804,34.346821,-106.900124,1528.8
9D,1805,34.345097,-106.899879,1527.5
9D,1806,34.343708,-106.899651,1525.4
9D,1807,34.360779,-106.900574,1524.3
9D,1808,34.3643,-106.900307,1524.1
9D,1809,34.36718,-106.900002,1536.3
9D,1810,34.37014,-106.899506,1526.8
9D,1811,34.371529,-106.899208,1527.0
AE,319A,31.3757,-109.280899,1187.0
AE,DUN6,32.553799,-109.090103,1259.0
AE,HANNA,33.63636,-109.32029,2796.0
AE,W18A,35.1181,-109.7357,1750.0
AE,X18A,34.529301,-109.950104,1751.0
AR,319A,31.3757,-109.280899,1187.0
AR,X18A,34.529301,-109.950104,1751.0
C0,S22A,37.74612,-106.82926,2623.7
C0,T25A,37.1388,-104.41087,2012.9
DW,ALQ,34.942501,-106.457497,1849.0
EM,MBB04,34.029999,-106.852997,1436.4
EP,KIDD,31.771774,-106.506378,1162.5
GM,NMP01,32.20476,-103.86048,1048.0
GM,NMP02,32.08945,-103.86139,996.0
GM,NMP11,32.00668,-103.93155,882.72
GM,NMP12,32.12755,-103.95259,951.75
GM,NMP23,32.167112,-103.802893,1049.63
GM,NMP25,32.33787,-103.860072,983.0
GM,NMP31,32.03585,-103.73465,972.79
GM,NMP34,32.26384,-103.68967,1121.66
GM,NMP35,32.352297,-103.724675,1070.98
GM,NMP41,32.00509,-103.596471,959.89
GM,NMP44,32.20474,-103.61883,1085.68
GM,NMP45,32.33145,-103.58198,1127.38
GM,NMP51,32.00448,-103.421678,974.99
GM,NMP53,32.17626,-103.431176,1037.35
GS,005,34.942402,-106.457901,1850.0
GS,006,34.942402,-106.457901,1850.0
GS,007,34.942402,-106.457901,1850.0
GS,ALQ1,34.94239,-106.4579,1854.3
GS,ALQ2,34.94239,-106.4579,1854.3
GS,ALQR,34.942378,-106.458039,1849.0
GS,ANMX,34.945902,-106.457038,1839.87
GS,ASA1,34.946267,-106.46005,1829.44
GS,ASA2,34.945117,-106.46005,1830.04
GS,ASA3,34.945489,-106.46176,1818.98
GS,ASA4,34.9423,-106.4626,1820.37
GS,ASA5,34.9433,-106.45973,1834.98
GS,ASA6,34.943617,-106.456733,1839.59
GS,ASL8,34.94532,-106.45657,1842.11
GS,ASL9,34.94532,-106.45658,1820.0
GS,BH0,37.045502,-104.801804,2190.0
GS,BH17,34.945904,-106.457044,1836.45
GS,BUR,37.183701,-104.699997,2067.0
GS,BUR2,37.183201,-104.699097,2040.0
GS,CKD,37.144199,-104.621902,1934.0
GS,DK0,37.0923,-104.616699,1960.0
GS,ENG4,34.942402,-106.457901,1850.0
GS,ENG5,34.942402,-106.457901,1850.0
GS,ENG5,34.942402,-106.457901,1850.0
GS,ENG7,34.942402,-106.457901,1850.0
GS,FBA1,34.942402,-106.457901,1850.0
GS,FBA1,34.942402,-106.457901,1850.0
GS,FBA2,34.942402,-106.457901,1850.0
GS,FBA2,34.942402,-106.457901,1850.0
GS,FBA2,34.942402,-106.457901,1850.0
GS,FBA2,34.942402,-106.457901,1850.0
GS,FBA2,34.942402,-106.457901,1850.0
GS,FBA2,34.942402,-106.457901,1850.0
GS,GSN3,34.94239,-106.4578,1859.08
GS,GTO,34.942402,-106.457901,1850.0
GS,HGTCO,37.107498,-104.674011,2109.0
GS,LVTCO,37.04615,-104.809708,2174.0
GS,MDD,37.133801,-104.699303,2014.0
GS,MHTCO,37.128662,-104.690956,1978.0
GS,PD0,37.1875,-104.578003,2017.0
GS,PIT,34.945923,-106.457067,1836.43
GS,PT0,37.0243,-104.569702,2310.4
GS,R141,34.9459,-106.457199,1850.0
GS,R5D4,34.9459,-106.457199,1850.0
GS,RB7A,34.9459,-106.457199,1850.0
GS,RG0,37.091801,-104.679703,2039.0
GS,TK0,37.175999,-104.798302,2123.0
GS,TLD,37.150398,-104.556396,1921.0
GS,TST1,34.942501,-106.457497,1849.0
GS,TST2,34.942402,-106.457901,1850.0
GS,TST3,34.942402,-106.457901,1850.0
GS,TST4,34.942402,-106.457901,1850.0
GS,TST4,34.942402,-106.457901,1850.0
GS,TST4,34.94247,-106.45807,1854.3
GS,TST5,34.942402,-106.457901,1850.0
GS,TST5,34.942402,-106.457901,1850.0
GS,TST5,34.942402,-106.457901,1850.0
GS,TST5,34.94247,-106.45807,1854.3
GS,TST6,34.942402,-106.457901,1850.0
GS,TST6,34.942402,-106.457901,1850.0
GS,TST6,34.94247,-106.45807,1854.3
GS,TSVA,36.56765,-105.446517,3000.0
GS,VAL,37.122398,-104.710701,1978.0
GS,VEA1,34.944075,-106.459644,1844.86
GS,VEA2,34.944083,-106.459661,1843.86
GS,VZ0,37.128502,-104.690697,1981.0
GS,VZE,37.119999,-104.669998,1945.0
GS,VZK,37.128502,-104.691002,1962.0
GS,XTOCO,37.12402,-104.770821,2042.0
GT,ASLX,34.94603,-106.45784,1744.0
HG,ALQ,34.942501,-106.457497,1859.0
II,IASL,34.946201,-106.456703,1740.0
IU,ANMO,34.9459,-106.4572,1850.0
IU,ANMO,34.9502,-106.4602,1839.0
IU,ANMO,34.94591,-106.4572,1820.0
N4,MSTX,33.9696,-102.7724,1167.0
NP,2302,35.08269,-106.6564,1509.0
NP,2303,35.08518,-106.69078,1509.0
NP,2308,35.12314,-106.67479,1513.0
NP,2309,35.10743,-106.58909,1583.0
NP,2310,35.08303,-106.62238,1573.0
NP,2311,35.61682,-106.32128,1618.0
NP,2312,36.23796,-106.42648,1852.0
NP,2313,37.14316,-104.55215,1905.0
NP,2315,35.05468,-106.58208,1628.0
NP,2317,35.08255,-106.70148,1526.0
NQ,SANFE,35.619492,-105.887451,2483.0
NX,WTX28,32.878676,-103.376924,1173.0
NX,WTX29,32.741397,-103.556767,1207.0
NX,WTX35,31.90285,-104.144532,994.0
NX,WTX36,31.95689,-104.122493,952.0
PI,EP00,34.0733,-106.9193,1430.0
PI,EP01,34.073299,-106.919296,1430.0
PI,EP01,34.073299,-106.919296,1430.0
PI,EP01,34.073299,-106.919296,1430.0
PI,EP01,34.073299,-106.919296,1430.0
PI,EP01,34.073299,-106.919296,1430.0
PI,EP01,34.073299,-106.919296,1430.0
PI,EP01,34.0733,-106.9193,1430.0
PI,EP01,34.0733,-106.9193,1430.0
PI,EP01,34.0733,-106.9193,1430.0
PI,EP01,34.0733,-106.9193,1430.0
PI,EP01,34.0733,-106.9193,1430.0
PI,EP01,34.0733,-106.9193,1430.0
PI,EP02,34.073299,-106.919296,1430.0
PI,EP02,34.073299,-106.919296,1430.0
PI,EP02,34.073299,-106.919296,1430.0
PI,EP02,34.073299,-106.919296,1430.0
PI,EP02,34.073299,-106.919296,1430.0
PI,EP02,34.073299,-106.919296,1430.0
PI,EP02,34.073299,-106.919296,1430.0
PI,EP02,34.0733,-106.9193,1430.0
PI,EP02,34.0733,-106.9193,1430.0
PI,EP02,34.0733,-106.9193,1430.0
PI,EP02,34.0733,-106.9193,1430.0
PI,EP02,34.0733,-106.9193,1430.0
PI,EP02,34.0733,-106.9193,1430.0
PI,EP03,34.073299,-106.919296,1430.0
PI,EP03,34.073299,-106.919296,1430.0
PI,EP03,34.073299,-106.919296,1430.0
PI,EP03,34.073299,-106.919296,1430.0
PI,EP03,34.073299,-106.919296,1430.0
PI,EP03,34.073299,-106.919296,1430.0
PI,EP03,34.0733,-106.9193,1430.0
PI,EP03,34.0733,-106.9193,1430.0
PI,EP03,34.0733,-106.9193,1430.0
PI,EP03,34.0733,-106.9193,1430.0
PI,EP03,34.0733,-106.9193,1430.0
PI,EP03,34.0733,-106.9193,1430.0
PI,EP04,34.073299,-106.919296,1430.0
PI,EP04,34.073299,-106.919296,1430.0
PI,EP04,34.073299,-106.919296,1430.0
PI,EP04,34.073299,-106.919296,1430.0
PI,EP04,34.073299,-106.919296,1430.0
PI,EP04,34.073299,-106.919296,1430.0
PI,EP04,34.073299,-106.919296,1430.0
PI,EP04,34.0733,-106.9193,1430.0
PI,EP04,34.0733,-106.9193,1430.0
PI,EP04,34.0733,-106.9193,1430.0
PI,EP04,34.0733,-106.9193,1430.0
PI,EP04,34.0733,-106.9193,1430.0
PI,EP04,34.0733,-106.9193,1430.0
PI,NP00,34.0737,-106.918999,1430.0
PI,NP01,34.0737,-106.918999,1430.0
PI,NP02,34.074001,-106.918999,1430.0
PI,NP03,34.0737,-106.918999,1430.0
PI,NP04,34.0737,-106.918999,1430.0
PI,NP05,34.074001,-106.918999,1430.0
PI,NP06,34.0737,-106.918999,1430.0
PI,NP07,34.0737,-106.918999,1430.0
PI,NP08,34.0737,-106.918999,1430.0
PI,NP09,34.0737,-106.918999,1430.0
PI,SP00,34.074001,-106.918999,1430.0
PI,SP01,34.073502,-106.9188,1430.0
PI,SP01,34.073502,-106.9188,1430.0
PI,SP01,34.073502,-106.9188,1430.0
PI,SP01,34.073502,-106.9188,1430.0
PI,SP01,34.073502,-106.9188,1430.0
PI,SP01,34.073502,-106.9188,1430.0
PI,SP01,34.073502,-106.9188,1430.0
PI,SP01,34.0735,-106.9188,1430.0
PI,SP01,34.0735,-106.9188,1430.0
PI,SP01,34.0735,-106.9188,1430.0
PI,SP01,34.0735,-106.9188,1430.0
PI,SP01,34.0735,-106.9188,1430.0
PI,SP01,34.0735,-106.9188,1430.0
PI,SP02,34.073502,-106.9188,1430.0
PI,SP02,34.073502,-106.9188,1430.0
PI,SP02,34.073502,-106.9188,1430.0
PI,SP02,34.073502,-106.9188,1430.0
PI,SP02,34.073502,-106.9188,1430.0
PI,SP02,34.073502,-106.9188,1430.0
PI,SP02,34.073502,-106.9188,1430.0
PI,SP02,34.0735,-106.9188,1430.0
PI,SP02,34.0735,-106.9188,1430.0
PI,SP02,34.0735,-106.9188,1430.0
PI,SP02,34.0735,-106.9188,1430.0
PI,SP02,34.0735,-106.9188,1430.0
PI,SP02,34.0735,-106.9188,1430.0
PI,SP03,34.073502,-106.9188,1430.0
PI,SP03,34.073502,-106.9188,1430.0
PI,SP03,34.073502,-106.9188,1430.0
PI,SP03,34.073502,-106.9188,1430.0
PI,SP03,34.073502,-106.9188,1430.0
PI,SP03,34.073502,-106.9188,1430.0
PI,SP03,34.0735,-106.9188,1430.0
PI,SP03,34.0735,-106.9188,1430.0
PI,SP03,34.0735,-106.9188,1430.0
PI,SP03,34.0735,-106.9188,1430.0
PI,SP03,34.0735,-106.9188,1430.0
PI,SP03,34.0735,-106.9188,1430.0
PI,SP04,34.073502,-106.9188,1430.0
PI,SP04,34.073502,-106.9188,1430.0
PI,SP04,34.073502,-106.9188,1430.0
PI,SP04,34.073502,-106.9188,1430.0
PI,SP04,34.073502,-106.9188,1430.0
PI,SP04,34.073502,-106.9188,1430.0
PI,SP04,34.073502,-106.9188,1430.0
PI,SP04,34.0735,-106.9188,1430.0
PI,SP04,34.0735,-106.9188,1430.0
PI,SP04,34.0735,-106.9188,1430.0
PI,SP04,34.0735,-106.9188,1430.0
PI,SP04,34.0735,-106.9188,1430.0
PI,SP04,34.0735,-106.9188,1430.0
PI,SP05,34.073502,-106.9188,1430.0
PI,SP05,34.073502,-106.9188,1430.0
PI,SP05,34.073502,-106.9188,1430.0
PI,SP05,34.073502,-106.9188,1430.0
PI,SP05,34.073502,-106.9188,1430.0
PI,SP05,34.073502,-106.9188,1430.0
PI,SP05,34.073502,-106.9188,1430.0
PI,SP05,34.0735,-106.9188,1430.0
PI,SP05,34.0735,-106.9188,1430.0
PI,SP05,34.0735,-106.9188,1430.0
PI,SP05,34.0735,-106.9188,1430.0
PI,SP05,34.0735,-106.9188,1430.0
PI,SP05,34.0735,-106.9188,1430.0
PI,SP06,34.073502,-106.9188,1430.0
PI,SP06,34.073502,-106.9188,1430.0
PI,SP06,34.073502,-106.9188,1430.0
PI,SP06,34.073502,-106.9188,1430.0
PI,SP06,34.073502,-106.9188,1430.0
PI,SP06,34.073502,-106.9188,1430.0
PI,SP06,34.073502,-106.9188,1430.0
PI,SP06,34.0735,-106.9188,1430.0
PI,SP06,34.0735,-106.9188,1430.0
PI,SP06,34.0735,-106.9188,1430.0
PI,SP06,34.0735,-106.9188,1430.0
PI,SP06,34.0735,-106.9188,1430.0
PI,SP06,34.0735,-106.9188,1430.0
PI,SP07,34.073502,-106.9188,1430.0
PI,SP07,34.073502,-106.9188,1430.0
PI,SP07,34.073502,-106.9188,1430.0
PI,SP07,34.073502,-106.9188,1430.0
PI,SP07,34.073502,-106.9188,1430.0
PI,SP07,34.073502,-106.9188,1430.0
PI,SP07,34.073502,-106.9188,1430.0
PI,SP07,34.0735,-106.9188,1430.0
PI,SP07,34.0735,-106.9188,1430.0
PI,SP07,34.0735,-106.9188,1430.0
PI,SP07,34.0735,-106.9188,1430.0
PI,SP07,34.0735,-106.9188,1430.0
PI,SP07,34.0735,-106.9188,1430.0
PI,SP08,34.073502,-106.9188,1430.0
PI,SP08,34.073502,-106.9188,1430.0
PI,SP08,34.073502,-106.9188,1430.0
PI,SP08,34.073502,-106.9188,1430.0
PI,SP08,34.073502,-106.9188,1430.0
PI,SP08,34.073502,-106.9188,1430.0
PI,SP08,34.073502,-106.9188,1430.0
PI,SP08,34.0735,-106.9188,1430.0
PI,SP08,34.0735,-106.9188,1430.0
PI,SP08,34.0735,-106.9188,1430.0
PI,SP08,34.0735,-106.9188,1430.0
PI,SP08,34.0735,-106.9188,1430.0
PI,SP09,34.073502,-106.9188,1430.0
PI,SP09,34.073502,-106.9188,1430.0
PI,SP09,34.073502,-106.9188,1430.0
PI,SP09,34.073502,-106.9188,1430.0
PI,SP09,34.073502,-106.9188,1430.0
PI,SP09,34.073502,-106.9188,1430.0
PI,SP09,34.073502,-106.9188,1430.0
PI,SP09,34.0735,-106.9188,1430.0
PI,SP09,34.0735,-106.9188,1430.0
PI,SP09,34.0735,-106.9188,1430.0
PI,SP09,34.0735,-106.9188,1430.0
PI,SP09,34.0735,-106.9188,1430.0
PI,WP00,34.0733,-106.9193,1430.0
PI,WP01,34.073299,-106.919296,1430.0
PI,WP01,34.073299,-106.919296,1430.0
PI,WP01,34.073299,-106.919296,1430.0
PI,WP01,34.073299,-106.919296,1430.0
PI,WP01,34.073299,-106.919296,1430.0
PI,WP01,34.073299,-106.919296,1430.0
PI,WP01,34.073299,-106.919296,1430.0
PI,WP01,34.0733,-106.9193,1430.0
PI,WP01,34.0733,-106.9193,1430.0
PI,WP01,34.0733,-106.9193,1430.0
PI,WP01,34.0733,-106.9193,1430.0
PI,WP01,34.0733,-106.9193,1430.0
PI,WP01,34.0733,-106.9193,1430.0
PI,WP02,34.074001,-106.918999,1430.0
PI,WP02,34.073299,-106.919296,1430.0
PI,WP02,34.073299,-106.919296,1430.0
PI,WP02,34.073299,-106.919296,1430.0
PI,WP02,34.073299,-106.919296,1430.0
PI,WP02,34.073299,-106.919296,1430.0
PI,WP02,34.073299,-106.919296,1430.0
PI,WP02,34.0733,-106.9193,1430.0
PI,WP02,34.0733,-106.9193,1430.0
PI,WP02,34.0733,-106.9193,1430.0
PI,WP02,34.0733,-106.9193,1430.0
PI,WP02,34.0733,-106.9193,1430.0
PI,WP02,34.0733,-106.9193,1430.0
PI,WP03,34.073299,-106.919296,1430.0
PI,WP03,34.073299,-106.919296,1430.0
PI,WP03,34.073299,-106.919296,1430.0
PI,WP03,34.073299,-106.919296,1430.0
PI,WP03,34.073299,-106.919296,1430.0
PI,WP03,34.073299,-106.919296,1430.0
PI,WP03,34.073299,-106.919296,1430.0
PI,WP03,34.0733,-106.9193,1430.0
PI,WP03,34.0733,-106.9193,1430.0
PI,WP03,34.0733,-106.9193,1430.0
PI,WP03,34.0733,-106.9193,1430.0
PI,WP03,34.0733,-106.9193,1430.0
PI,WP03,34.0733,-106.9193,1430.0
PI,WP04,34.073299,-106.919296,1430.0
PI,WP04,34.073299,-106.919296,1430.0
PI,WP04,34.073299,-106.919296,1430.0
PI,WP04,34.073299,-106.919296,1430.0
PI,WP04,34.0733,-106.9193,1430.0
PI,WP04,34.0733,-106.9193,1430.0
PI,WP04,34.0733,-106.9193,1430.0
PI,WP04,34.0733,-106.9193,1430.0
PI,WP04,34.0733,-106.9193,1430.0
PI,WP04,34.0733,-106.9193,1430.0
PN,PPABQ,35.084999,-106.650002,1620.0
PN,PPDGL,31.400999,-109.866997,1231.0
PN,PPDHS,32.256001,-107.763,1321.0
PN,PPHOB,32.682999,-103.217003,1115.0
PN,PPIGN,37.117001,-107.633003,1974.0
PN,PPREH,35.528999,-108.653999,2003.0
PN,PPSPR,37.328201,-102.624901,1330.0
PN,PPSTJ,34.300999,-109.233002,1615.0
S8,PB01,31.99804,-104.07865,944.2
S8,PB02,31.99912,-104.06144,920.8
SC,121A,32.532398,-107.785103,1652.0
SC,BAR,34.150002,-106.627831,2121.0
SC,BMT,34.275002,-107.260162,1987.0
SC,CAR,33.952499,-106.734497,1658.0
SC,CARB,33.952869,-106.73555,1658.0
SC,CBET,32.420502,-103.999001,1042.0
SC,CBET,32.4203,-103.878998,1042.0
SC,CL2B,32.264168,-103.878601,2121.0
SC,CL2B,32.264099,-103.878998,1046.0
SC,CL7,32.41283,-103.807503,1032.0
SC,CL7,32.413,-103.8084,1034.0
SC,CL7,32.413,-103.8084,1034.0
SC,CPRX,33.030376,-103.867249,1356.0
SC,CPRX,33.0308,-103.867302,1361.0
SC,CPRX,33.0308,-103.867302,1361.0
SC,DAG,32.59,-104.690002,1277.0
SC,DAG,32.591,-104.691704,1280.0
SC,DAG,32.591,-104.691704,1280.0
SC,FAR1,36.90071,-108.06104,1899.0
SC,FAR2,36.90211,-108.05401,1896.0
SC,FAR3,36.89208,-108.04971,1852.0
SC,GDL2,32.2005,-104.363503,1213.0
SC,GDL2,32.200802,-104.363701,1211.0
SC,GDL2,32.200802,-104.363701,1211.0
SC,HOB3,32.735382,-103.386265,1164.0
SC,HOB5,32.861927,-103.571485,1239.0
SC,HTMS,32.4725,-103.634163,1192.0
SC,HTMS,32.472599,-103.6343,1192.0
SC,JAL,32.20241,-103.22932,1020.0
SC,LAZ,34.241199,-107.013931,1878.0
SC,LEM,34.165501,-106.974167,1698.0
SC,LPM,34.3116,-106.631836,1737.0
SC,MLM,34.814167,-107.144997,2088.0
SC,PDB,32.0722,-103.59662,1025.0
SC,RH1,32.214585,-103.518215,1093.9
SC,SBY,33.975166,-107.180664,3230.0
SC,SMC,33.778667,-107.019302,1560.0
SC,SRGE,34.047657,-106.859268,0.0
SC,SRH,32.491749,-104.515381,1266.0
SC,SRH,32.491798,-104.515404,1276.0
SC,SSS,32.354599,-103.396835,1073.0
SC,SSS,32.355099,-103.398598,1072.0
SC,WTX,34.072166,-106.945831,1555.0
SC,Y22A,33.937,-106.965202,1674.0
SC,Y22D,34.0739,-106.921,1436.0
SR,ANMO,34.946201,-106.456703,1740.0
SY,118A,32.6399,-109.969704,1440.0
SY,119A,32.7663,-109.302902,1406.0
SY,120A,32.5466,-108.633003,1528.0
SY,121A,32.532398,-107.785103,1652.0
SY,122A,32.699501,-107.000504,1333.0
SY,123A,32.634899,-106.262199,1206.0
SY,124A,32.7001,-105.454399,2078.0
SY,125A,32.658798,-104.657303,1212.0
SY,126A,32.646198,-104.020401,1032.0
SY,127A,32.676399,-103.357498,1160.0
SY,128A,32.6213,-102.485001,966.0
SY,219A,31.998899,-109.259201,1581.0
SY,220A,31.9041,-108.526604,1395.0
SY,221A,32.009399,-107.778198,1277.0
SY,222A,32.104599,-107.101303,1324.0
SY,223A,32.006199,-106.427597,1232.0
SY,224A,32.076,-105.522598,1487.0
SY,225A,32.1101,-104.822899,1703.0
SY,226A,32.061798,-104.101402,929.0
SY,226B,32.077801,-104.165398,981.0
SY,227A,32.012001,-103.292397,879.0
SY,228A,32.118,-102.591797,954.0
SY,318A,31.438999,-109.9907,1576.0
SY,319A,31.3757,-109.280899,1187.0
SY,319A,31.3757,-109.280899,1187.0
SY,320A,31.336901,-108.528397,1414.0
SY,324A,31.442499,-105.482803,1441.0
SY,325A,31.371099,-104.971199,1666.0
SY,326A,31.3165,-103.9786,982.0
SY,327A,31.369101,-103.492302,784.0
SY,328A,31.3818,-102.8097,755.0
SY,425A,30.7862,-104.985703,1337.0
SY,426A,30.6689,-104.029297,1943.0
SY,427A,30.8498,-103.401802,1031.0
SY,428A,30.726299,-102.6847,982.0
SY,526A,30.0609,-104.089798,1405.0
SY,527A,30.145599,-103.6119,1419.0
SY,528A,30.161501,-102.788002,1183.0
SY,529A,30.124599,-102.220398,764.0
SY,ALQ1,34.942501,-106.457497,1812.0
SY,ALQ2,34.942501,-106.457497,1848.0
SY,ANMO,34.9459,-106.457199,1750.0
SY,ANMX,34.945911,-106.457199,1760.7
SY,ASL8,34.945911,-106.457199,1818.2
SY,ASL9,34.945911,-106.457199,1818.2
SY,ASLX,34.94603,-106.45784,1644.0
SY,B0,34.073601,-106.918877,1420.0
SY,B1,34.073002,-106.918999,1437.0
SY,B2,34.073605,-106.918877,1417.0
SY,B3,34.073563,-106.918999,1418.0
SY,B4,34.073612,-106.918877,1418.0
SY,B5,34.073597,-106.918999,1416.0
SY,B6,34.073601,-106.918877,1418.0
SY,B7,34.073631,-106.918999,1418.0
SY,B8,34.07362,-106.918877,1426.0
SY,B9,34.073559,-106.918793,1418.0
SY,BH17,34.945904,-106.457047,1836.5
SY,CARB,33.952869,-106.73555,1658.0
SY,DBT2,33.957298,-106.845802,1396.0
SY,DBT2A,33.957298,-106.845802,1396.0
SY,ENG4,34.942402,-106.457901,1840.0
SY,ENG5,34.942402,-106.457901,1840.0
SY,ENG7,34.942402,-106.457901,1840.0
SY,EP00,34.074001,-106.918999,1430.0
SY,EP01,34.074001,-106.918999,1430.0
SY,EP02,34.074001,-106.918999,1430.0
SY,EP03,34.074001,-106.918999,1430.0
SY,EP04,34.074001,-106.918999,1430.0
SY,FBA1,34.942402,-106.457901,1840.0
SY,GSN3,34.94239,-106.457802,1859.1
SY,HGTCO,37.107498,-104.674011,2109.0
SY,IASL,34.946201,-106.456703,1740.0
SY,KIDD,31.771774,-106.506378,1162.5
SY,MHTCO,37.128021,-104.69101,1978.0
SY,MNTX,31.6985,-105.382103,404.8
SY,MSTX,33.969601,-102.7724,1167.0
SY,MVCO,37.2103,-108.498596,2169.9
SY,NP00,34.074001,-106.918999,1430.0
SY,NP01,34.074001,-106.919098,1430.0
SY,NP02,34.074001,-106.918999,1430.0
SY,NP03,34.074001,-106.918999,1430.0
SY,NP04,34.074001,-106.919098,1430.0
SY,NP05,34.074001,-106.918999,1430.0
SY,NP06,34.074001,-106.919098,1430.0
SY,NP07,34.074001,-106.918999,1430.0
SY,NP08,34.074001,-106.919098,1430.0
SY,NP09,34.074001,-106.918999,1430.0
SY,PB09,31.774145,-104.301445,1139.0
SY,PIT,34.945923,-106.457069,1836.4
SY,PPABQ,35.084999,-106.650002,1620.0
SY,PPDGL,31.400999,-109.866997,1231.0
SY,PPDHS,32.256001,-107.763,1321.0
SY,PPHOB,32.682999,-103.217003,1115.0
SY,PPIGN,37.117001,-107.633003,1974.0
SY,PPREH,35.528999,-108.653999,2003.0
SY,PPSPR,37.41,-102.623001,1330.0
SY,PPSTJ,34.300999,-109.233002,1615.0
SY,S18A,37.6903,-109.994797,2351.0
SY,S19A,37.745899,-109.136597,2059.0
SY,S20A,37.830002,-108.360497,2355.0
SY,S21A,37.661999,-107.791702,2723.0
SY,S22A,37.746101,-106.8293,2626.0
SY,S23A,37.705898,-106.002296,2323.0
SY,S24A,37.640701,-105.212601,2672.0
SY,S25A,37.660599,-104.434898,1821.0
SY,S26A,37.621601,-103.4711,1394.0
SY,S27A,37.683701,-102.898201,1439.0
SY,SDCO,37.745602,-105.501198,2569.0
SY,SP00,34.074001,-106.918999,1430.0
SY,SP01,34.074001,-106.918999,1430.0
SY,SP02,34.074001,-106.918999,1430.0
SY,SP03,34.074001,-106.918999,1430.0
SY,SP04,34.074001,-106.918999,1430.0
SY,SP05,34.074001,-106.918999,1430.0
SY,SP06,34.074001,-106.918999,1430.0
SY,SP07,34.074001,-106.918999,1430.0
SY,SP08,34.074001,-106.918999,1430.0
SY,SP09,34.074001,-106.918999,1430.0
SY,SRGE,34.047657,-106.859268,0.0
SY,T18A,37.136398,-109.8741,1297.0
SY,T19A,36.829899,-109.024902,1736.0
SY,T21A,36.991402,-107.534203,2006.0
SY,T22A,37.013802,-106.903,2224.0
SY,T23A,37.036098,-106.037201,2429.0
SY,T24A,37.073799,-105.052101,2510.0
SY,T24B,37.062401,-105.381699,2625.0
SY,T25A,37.138802,-104.410797,2017.0
SY,T26A,37.174702,-103.5933,1830.0
SY,T27A,37.061401,-102.721397,1366.0
SY,T28A,37.120399,-102.113602,1148.0
SY,TASL,34.9454,-106.456497,1838.0
SY,TASM,34.945499,-106.459999,1862.0
SY,TASN,34.945499,-106.459999,1862.0
SY,TASO,34.945499,-106.459999,1862.0
SY,TASP,34.945499,-106.459999,1862.0
SY,TST1,34.942501,-106.457497,1812.0
SY,TST3,34.942402,-106.457901,1744.0
SY,TST4,34.942402,-106.457901,1850.0
SY,TST5,34.942402,-106.457901,1840.0
SY,TST6,34.942402,-106.457901,1840.0
SY,TVZX,34.073299,-106.919601,0.0
SY,U18A,36.419899,-109.869598,1878.0
SY,U19A,36.2925,-109.207603,2166.0
SY,U20A,36.375801,-108.520401,1682.0
SY,U21A,36.4277,-107.657799,2124.0
SY,U22A,36.3773,-106.854599,2119.0
SY,U23A,36.328899,-106.191902,2093.0
SY,U24A,36.409302,-105.278397,2573.0
SY,U25A,36.399799,-104.408096,1845.0
SY,U26A,36.394501,-103.743896,1861.0
SY,U27A,36.421299,-102.8246,1342.0
SY,U28A,36.379299,-102.224297,1165.0
SY,V18A,35.7113,-109.932701,1977.0
SY,V19A,35.714699,-109.045601,2082.0
SY,V20A,35.799198,-108.466202,1889.0
SY,V21A,35.805401,-107.637802,2046.0
SY,V22A,35.913799,-106.909401,2164.0
SY,V23A,35.745201,-106.183296,1991.0
SY,V24A,35.725899,-105.271599,2187.0
SY,V25A,35.838299,-104.616402,1861.0
SY,V26A,35.796398,-103.786003,1362.0
SY,V27A,35.756901,-102.836098,1228.0
SY,V28A,35.7505,-102.224297,1163.0
SY,VEA1,34.945,-106.455002,1844.9
SY,VEA2,34.945,-106.455002,1844.9
SY,W18A,35.118099,-109.735703,1750.0
SY,W19A,35.111801,-109.387901,1785.0
SY,W20A,35.1259,-108.500099,2110.0
SY,W21A,35.117001,-107.647598,1966.0
SY,W22A,35.071899,-106.867401,1813.0
SY,W23A,35.1605,-106.150299,2020.0
SY,W24A,35.210602,-105.407501,1902.0
SY,W25A,35.217701,-104.460602,1446.0
SY,W26A,35.0891,-103.765602,1314.0
SY,W27A,35.063702,-103.062698,1233.0
SY,W28A,35.257401,-102.206299,1156.0
SY,WP00,34.074001,-106.918999,1430.0
SY,WP01,34.074001,-106.918999,1430.0
SY,WP02,34.074001,-106.918999,1430.0
SY,WP03,34.074001,-106.918999,1430.0
SY,WP04,34.074001,-106.918999,1430.0
SY,X18A,34.529301,-109.950104,1751.0
SY,X18A,34.529301,-109.950104,1751.0
SY,X19A,34.427502,-109.2901,1861.0
SY,X20A,34.542099,-108.498001,2057.0
SY,X21A,34.445702,-107.785698,2141.0
SY,X22A,34.505798,-107.010201,1604.0
SY,X23A,34.581001,-106.188103,1948.0
SY,X24A,34.564602,-105.434898,1917.0
SY,X25A,34.5271,-104.662102,1494.0
SY,X26A,34.5508,-103.810303,1393.0
SY,X27A,34.6469,-103.097397,1304.0
SY,X28A,34.518501,-102.197304,1160.0
SY,Y19A,33.9571,-109.254097,2448.0
SY,Y20A,33.908501,-108.3769,2177.0
SY,Y21A,34.008701,-107.674004,2168.0
SY,Y22A,33.937,-106.965202,1674.0
SY,Y22A,33.937,-106.965202,1674.0
SY,Y22C,34.0741,-106.921097,1436.0
SY,Y22D,34.073898,-106.920998,1436.0
SY,Y22E,34.0742,-106.920799,1444.0
SY,Y22F,34.0741,-106.920898,1439.0
SY,Y23A,33.931499,-106.054901,1789.0
SY,Y24A,33.925701,-105.436096,1827.0
SY,Y25A,33.922901,-104.692802,1364.0
SY,Y26A,33.923199,-103.8246,1371.0
SY,Y27A,33.8839,-103.1633,1253.0
SY,Y28A,33.9086,-102.247902,1068.0
SY,Z19A,33.292099,-109.265701,1397.0
SY,Z20A,33.113201,-108.592201,1547.0
SY,Z21A,33.308601,-107.671204,1964.0
SY,Z22A,33.255501,-106.963898,1497.0
SY,Z23A,33.2621,-106.231903,1278.0
SY,Z24A,33.3298,-105.364899,1863.0
SY,Z25A,33.279701,-104.717102,1233.0
SY,Z26A,33.271599,-103.979797,1163.0
SY,Z27A,33.314999,-103.2145,1197.0
SY,Z28A,33.288399,-102.386597,1045.0
TA,118A,32.6399,-109.969704,1440.0
TA,119A,32.7663,-109.302902,1406.0
TA,120A,32.5466,-108.633003,1528.0
TA,121A,32.532398,-107.785103,1652.0
TA,122A,32.699501,-107.000504,1333.0
TA,123A,32.634899,-106.262199,1206.0
TA,124A,32.7001,-105.454399,2078.0
TA,125A,32.658798,-104.657303,1212.0
TA,126A,32.646198,-104.020401,1032.0
TA,127A,32.676399,-103.357498,1160.0
TA,128A,32.6213,-102.485001,966.0
TA,219A,31.998899,-109.259201,1581.0
TA,220A,31.9041,-108.526604,1395.0
TA,221A,32.009399,-107.778198,1277.0
TA,222A,32.104599,-107.101303,1324.0
TA,223A,32.006199,-106.427597,1232.0
TA,224A,32.076,-105.522598,1487.0
TA,225A,32.1101,-104.822899,1703.0
TA,226A,32.061798,-104.101402,929.0
TA,226B,32.077801,-104.165398,981.0
TA,227A,32.012001,-103.292397,879.0
TA,228A,32.118,-102.591797,954.0
TA,318A,31.438999,-109.9907,1576.0
TA,319A,31.3757,-109.280899,1187.0
TA,320A,31.336901,-108.528397,1414.0
TA,324A,31.442499,-105.482803,1441.0
TA,325A,31.371099,-104.971199,1666.0
TA,326A,31.3165,-103.9786,982.0
TA,327A,31.369101,-103.492302,784.0
TA,328A,31.3818,-102.8097,755.0
TA,425A,30.7862,-104.985703,1337.0
TA,426A,30.6689,-104.029297,1943.0
TA,427A,30.8498,-103.401802,1031.0
TA,428A,30.726299,-102.6847,982.0
TA,526A,30.0609,-104.089798,1405.0
TA,527A,30.145599,-103.6119,1419.0
TA,528A,30.161501,-102.788002,1183.0
TA,529A,30.124599,-102.220398,764.0
TA,MSTX,33.969601,-102.7724,1167.0
TA,S18A,37.6903,-109.994797,2351.0
TA,S19A,37.745899,-109.136597,2059.0
TA,S20A,37.830002,-108.360497,2355.0
TA,S21A,37.661999,-107.791702,2723.0
TA,S22A,37.746101,-106.8293,2626.0
TA,S23A,37.705898,-106.002296,2323.0
TA,S24A,37.640701,-105.212601,2672.0
TA,S25A,37.660599,-104.434898,1821.0
TA,S26A,37.621601,-103.4711,1394.0
TA,S27A,37.683701,-102.898201,1439.0
TA,T18A,37.136398,-109.8741,1297.0
TA,T19A,36.829899,-109.024902,1736.0
TA,T21A,36.991402,-107.534203,2006.0
TA,T22A,37.013802,-106.903,2224.0
TA,T23A,37.036098,-106.037201,2429.0
TA,T24A,37.073799,-105.052101,2510.0
TA,T24B,37.062401,-105.381699,2625.0
TA,T25A,37.138802,-104.410797,2017.0
TA,T26A,37.174702,-103.5933,1830.0
TA,T27A,37.061401,-102.721397,1366.0
TA,T28A,37.120399,-102.113602,1148.0
TA,TASL,34.9454,-106.456497,1838.0
TA,TASM,34.945499,-106.459999,1862.0
TA,TASN,34.945499,-106.459999,1862.0
TA,TASO,34.945499,-106.459999,1862.0
TA,TASP,34.945499,-106.459999,1862.0
TA,TVZX,34.073299,-106.919601,0.0
TA,U18A,36.419899,-109.869598,1878.0
TA,U19A,36.2925,-109.207603,2166.0
TA,U20A,36.375801,-108.520401,1682.0
TA,U21A,36.4277,-107.657799,2124.0
TA,U22A,36.3773,-106.854599,2119.0
TA,U23A,36.328899,-106.191902,2093.0
TA,U24A,36.409302,-105.278397,2573.0
TA,U25A,36.399799,-104.408096,1845.0
TA,U26A,36.394501,-103.743896,1861.0
TA,U27A,36.421299,-102.8246,1342.0
TA,U28A,36.379299,-102.224297,1165.0
TA,V18A,35.7113,-109.932701,1977.0
TA,V19A,35.714699,-109.045601,2082.0
TA,V20A,35.799198,-108.466202,1889.0
TA,V21A,35.805401,-107.637802,2046.0
TA,V22A,35.913799,-106.909401,2164.0
TA,V23A,35.745201,-106.183296,1991.0
TA,V24A,35.725899,-105.271599,2187.0
TA,V25A,35.838299,-104.616402,1861.0
TA,V26A,35.796398,-103.786003,1362.0
TA,V27A,35.756901,-102.836098,1228.0
TA,V28A,35.7505,-102.224297,1163.0
TA,W18A,35.118099,-109.735703,1750.0
TA,W19A,35.111801,-109.387901,1785.0
TA,W20A,35.1259,-108.500099,2110.0
TA,W21A,35.117001,-107.647598,1966.0
TA,W22A,35.071899,-106.867401,1813.0
TA,W23A,35.1605,-106.150299,2020.0
TA,W24A,35.210602,-105.407501,1902.0
TA,W25A,35.217701,-104.460602,1446.0
TA,W26A,35.0891,-103.765602,1314.0
TA,W27A,35.063702,-103.062698,1233.0
TA,W28A,35.257401,-102.206299,1156.0
TA,X18A,34.529301,-109.950104,1751.0
TA,X19A,34.427502,-109.2901,1861.0
TA,X20A,34.542099,-108.498001,2057.0
TA,X21A,34.445702,-107.785698,2141.0
TA,X22A,34.505798,-107.010201,1604.0
TA,X23A,34.581001,-106.188103,1948.0
TA,X24A,34.564602,-105.434898,1917.0
TA,X25A,34.5271,-104.662102,1494.0
TA,X26A,34.5508,-103.810303,1393.0
TA,X27A,34.6469,-103.097397,1304.0
TA,X28A,34.518501,-102.197304,1160.0
TA,Y19A,33.9571,-109.254097,2448.0
TA,Y20A,33.908501,-108.3769,2177.0
TA,Y21A,34.008701,-107.674004,2168.0
TA,Y22A,33.937,-106.965202,1674.0
TA,Y22C,34.0741,-106.921097,1436.0
TA,Y22D,34.0739,-106.921,1436.0
TA,Y22E,34.0742,-106.920799,1444.0
TA,Y22F,34.0741,-106.920898,1439.0
TA,Y23A,33.931499,-106.054901,1789.0
TA,Y24A,33.925701,-105.436096,1827.0
TA,Y25A,33.922901,-104.692802,1364.0
TA,Y26A,33.923199,-103.8246,1371.0
TA,Y27A,33.8839,-103.1633,1253.0
TA,Y28A,33.9086,-102.247902,1068.0
TA,Z19A,33.292099,-109.265701,1397.0
TA,Z20A,33.113201,-108.592201,1547.0
TA,Z21A,33.308601,-107.671204,1964.0
TA,Z22A,33.255501,-106.963898,1497.0
TA,Z23A,33.2621,-106.231903,1278.0
TA,Z24A,33.3298,-105.364899,1863.0
TA,Z25A,33.279701,-104.717102,1233.0
TA,Z26A,33.271599,-103.979797,1163.0
TA,Z27A,33.314999,-103.2145,1197.0
TA,Z28A,33.288399,-102.386597,1045.0
TX,ALPN,30.374479,-103.638519,1368.0
TX,DG01,31.377576,-103.271077,787.0
TX,DG02,31.40151,-103.54313,804.0
TX,DG03,31.39022,-103.48532,737.0
TX,DG04,31.28734,-103.41261,795.0
TX,DG05,31.17007,-103.493279,837.0
TX,DG06,31.4124,-103.4845,785.0
TX,DG07,31.452888,-103.52788,794.0
TX,DG08,31.19053,-103.7242,895.0
TX,DG09,31.37222,-103.51277,795.0
TX,DG10,31.392949,-103.488839,790.0
TX,MB01,31.667734,-102.08291,859.0
TX,MB01,31.667734,-102.08291,859.0
TX,MB02,31.19806,-102.037907,767.74
TX,MB04,32.62542,-102.48802,956.0
TX,MB04,32.62542,-102.48802,956.0
TX,MB04,32.62542,-102.48802,956.0
TX,MB07,32.00061,-102.25277,880.0
TX,MB07,32.00061,-102.25277,880.0
TX,MB08,31.884448,-102.328853,863.0
TX,MB08,31.884448,-102.328853,863.0
TX,MB15,32.393839,-102.165931,999.0
TX,MB16,32.337047,-102.236844,904.0
TX,MB17,32.031106,-102.04114,852.0
TX,MB18,32.082143,-102.171812,871.0
TX,MB25,32.02737,-102.4867,921.0
TX,MNHN,31.34023,-102.76141,750.0
TX,MNHN,31.34023,-102.76141,750.0
TX,MNHN,31.34023,-102.76141,750.0
TX,ODSA,32.12009,-102.54913,943.0
TX,OG01,31.934943,-102.305318,892.0
TX,OG02,31.954503,-102.323853,909.0
TX,OG03,32.02737,-102.4867,921.0
TX,OG04,31.92935,-102.35986,805.0
TX,PB01,30.94367,-103.78112,1010.0
TX,PB02,31.408951,-103.510162,792.0
TX,PB03,31.08384,-103.51395,871.0
TX,PB03,31.08384,-103.51395,871.0
TX,PB04,31.18697,-103.2694,812.0
TX,PB05,30.91978,-103.3247,957.0
TX,PB06,31.6472,-103.21825,831.0
TX,PB07,31.57935,-103.66793,856.0
TX,PB07,31.57935,-103.66793,856.0
TX,PB07,31.57935,-103.66793,856.0
TX,PB08,30.89174,-102.90736,926.0
TX,PB09,31.774145,-104.301444,1139.0
TX,PB10,31.283607,-103.754585,858.0
TX,PB11,31.93553,-104.03412,915.0
TX,PB12,31.2133,-103.9577,1011.9
TX,PB13,31.5542,-103.8458,956.1
TX,PB14,31.12932,-103.1511,807.0
TX,PB15,31.2114,-103.08439,743.0
TX,PB16,31.12496,-103.252,848.0
TX,PB16A,31.12496,-103.252,848.0
TX,PB17,30.99675,-103.15182,734.0
TX,PB17,30.99675,-103.15182,734.0
TX,PB17,30.99675,-103.15182,734.0
TX,PB18,31.20084,-103.1996,825.0
TX,PB19,31.303087,-103.099701,782.4
TX,PB20,31.6281,-104.06179,1022.0
TX,PB21,31.341918,-103.06216,753.0
TX,PB22,31.21173,-103.077,808.0
TX,PB22,31.211658,-103.076924,808.0
TX,PB23,31.66404,-104.07276,1005.0
TX,PB24,31.61979,-104.01776,997.0
TX,PB25,31.58308,-104.07019,1037.0
TX,PB26,31.57819,-104.12579,1065.0
TX,PB27,31.576319,-103.130707,812.3
TX,PB28,31.66864,-104.50077,1204.0
TX,PB29,31.75299,-104.514453,1242.0
TX,PB30,31.2804,-103.3227,829.0
TX,PB30,31.2804,-103.3227,829.0
TX,PB30,31.2804,-103.3227,829.0
TX,PB31,31.73226,-104.030536,907.0
TX,PB31,31.73226,-104.030536,907.0
TX,PB32,31.10306,-103.37278,861.0
TX,PB32,31.10306,-103.37278,861.0
TX,PB33,31.534929,-104.054045,1006.0
TX,PB34,31.676667,-104.037778,969.3
TX,PB35,31.656187,-104.43203,1224.0
TX,PB36,31.680262,-104.425899,1218.0
TX,PB37,31.71847,-104.528416,1263.0
TX,PB38,31.72972,-104.426634,1240.0
TX,PB39,31.721667,-104.060278,927.0
TX,PB40,31.641994,-103.933959,935.0
TX,PB42,31.764578,-103.640224,830.0
TX,PB43,31.680019,-103.864872,896.0
TX,PB44,31.92377,-103.986965,894.0
TX,PB46,31.706947,-103.475133,878.0
TX,PB47,31.741433,-103.3351,861.0
TX,PB51,31.940163,-103.381836,978.0
TX,PCOS,31.408922,-103.510147,788.2
TX,PECS,31.37045,-103.86697,914.0
TX,RTBA,36.43795,-102.73743,1284.0
TX,VHRN,30.786736,-104.985193,1253.0
TX,YK01,33.110552,-103.008071,1150.0
TX,YK01,33.110552,-103.008071,1150.0
US,MNTX,31.6985,-105.3821,404.8
US,MVCO,37.19956,-108.49251,2169.9
US,SDCO,37.7456,-105.5012,2569.0
X9,P1MS,34.09198,-106.8716,1402.7
X9,P1MS,34.09198,-106.8716,1402.7
X9,P1MS,34.09198,-106.8716,1402.7
X9,P1MS,34.09198,-106.8716,1402.7
X9,P2US,34.094634,-106.831641,1436.6
X9,P3US,34.110446,-106.809458,1524.7
X9,P3US,34.110446,-106.809458,1524.7
X9,P3US,34.110446,-106.809458,1524.7
X9,P3US,34.110446,-106.809458,1524.7
X9,P3US,34.110446,-106.809458,1524.7
X9,P3US,34.110446,-106.809458,1524.7
X9,P3US,34.11038,-106.81394,1510.0
X9,P3US,34.11038,-106.81394,1524.7
X9,P3US,34.11038,-106.81394,1510.0
X9,P3US,34.11038,-106.81394,1524.7
X9,P4US,34.102941,-106.787712,1543.3
XB,CNTR,33.978199,-107.186996,3174.0
XB,NELG,33.979198,-107.185699,3180.0
XB,NWLG,33.978901,-107.188797,3179.0
XB,SWLG,33.976601,-107.186401,3185.0
XE,ALMO,34.254601,-106.983902,1612.0
XE,BFTO,34.2178,-106.772598,1568.0
XE,BLSP,34.405701,-106.520897,1832.0
XE,MCKS,34.310101,-106.693901,1649.0
XE,PIC1,34.073502,-106.9207,1439.0
XE,POPO,34.384701,-106.911598,1526.0
XE,RFHQ,34.351799,-106.8834,1475.0
XG,BLA,37.541801,-105.5746,2744.0
XG,DGO,37.2957,-107.804703,2200.0
XG,SFK,37.688,-106.622498,2591.0
XG,SPR,37.459,-102.639999,1327.0
XG,WSG,37.776501,-104.3983,1845.0
XG,YJK,37.5438,-108.767502,2061.0
XH,CYF,37.554199,-109.865799,2057.0
XK,S01,37.244984,-105.463097,2405.0
XK,S02,37.15192,-105.452911,2567.0
XK,S03,37.07317,-105.452385,2664.0
XK,S03B,37.073166,-105.4524,2666.0
XK,S04,36.971088,-105.422859,2616.0
XK,S05,36.877754,-105.399658,2566.0
XK,S05B,36.85334,-105.406113,2903.0
XK,S06,36.805191,-105.30304,2787.0
XK,S08,36.61404,-105.322426,2656.0
XK,S09,36.512299,-105.300751,2578.0
XK,S10,36.438828,-105.293106,2529.0
XK,S11,36.338783,-105.281746,2663.0
XK,S12,36.235542,-105.237259,2481.0
XK,S13,36.150902,-105.259766,2369.0
XK,S14,36.067501,-105.230598,2202.0
XK,S15,35.968761,-105.219772,2152.0
XK,S16,35.874813,-105.203583,2099.0
XK,S17,35.786514,-105.186691,2083.0
XK,S18,35.698975,-105.171112,2010.0
XK,S19,35.595604,-105.182755,1977.0
XK,S20,35.509907,-105.217422,1902.0
XK,S21,35.423054,-105.198494,1991.0
XK,S22,35.317814,-105.153511,1679.0
XK,S23,35.246239,-105.116859,1666.0
XK,S24,35.150982,-105.057076,1569.0
XK,NM27,34.3857,-106.524002,1870.0
XL,PFNP,34.896999,-109.865997,1758.6
XL,RENO,33.620899,-109.429001,1908.5
XL,SQRL,32.702,-109.890999,3084.9
XL,ZIZZ,34.2616,-109.719704,2010.9
XM,AZ45,36.455196,-109.08242,2683.0
XM,AZ46,36.551254,-109.229424,2009.0
XM,AZ47,36.635983,-109.333214,1752.0
XM,AZ48,36.760639,-109.539322,1664.0
XM,AZ49,36.88694,-109.691345,1512.0
XM,AZ50,36.977684,-109.863716,1469.0
XM,MB01,33.336311,-106.033943,1446.0
XM,MB04,34.073837,-106.920151,1414.0
XM,MB04B,34.070911,-106.942245,1489.0
XM,MB05,34.663605,-108.011375,2143.0
XM,NM07,32.084545,-103.839989,966.0
XM,NM08,32.199146,-103.972099,886.0
XM,NM09,32.326485,-104.118301,893.0
XM,NM10,32.472927,-104.26722,929.0
XM,NM11,32.583633,-104.408501,974.0
XM,NM12,32.682869,-104.508316,1066.0
XM,NM13,32.802784,-104.654839,1177.0
XM,NM14,32.906845,-104.759392,1219.0
XM,NM15,33.014408,-104.909355,1342.0
XM,NM16,33.174065,-105.126694,1625.0
XM,NM17,33.256565,-105.173439,1705.0
XM,NM18,33.402954,-105.340958,1624.0
XM,NM19,33.491276,-105.455368,2028.0
XM,NM20,33.604778,-105.593498,2034.0
XM,NM21,33.7328,-105.744598,2000.0
XM,NM22,33.840359,-105.868874,1691.0
XM,NM23,33.950268,-106.012398,1813.0
XM,NM24,34.046871,-106.119606,1874.0
XM,NM25,34.166935,-106.260521,1933.0
XM,NM26,34.263283,-106.363289,1854.0
XM,NM27,34.385624,-106.523865,1870.0
XM,NM28,34.540344,-106.70018,1484.0
XM,NM29,34.647236,-106.849121,1561.0
XM,NM30,34.742805,-106.973602,1515.0
XM,NM31,34.849113,-107.097565,1676.0
XM,NM32,34.980724,-107.264282,1685.0
XM,NM33,35.110661,-107.422867,2094.0
XM,NM34,35.268841,-107.643166,2735.0
XM,NM35,35.34481,-107.70697,2133.0
XM,NM36,35.445255,-107.822464,2176.0
XM,NM37,35.577545,-108.001724,2254.0
XM,NM38,35.702332,-108.162926,2077.0
XM,NM39,35.79261,-108.267258,1949.0
XM,NM40,35.945053,-108.428963,1796.0
XM,NM41,36.035278,-108.570343,1718.0
XM,NM42,36.148506,-108.717117,1794.0
XM,NM43,36.249557,-108.887115,1991.0
XM,NM44,36.421383,-108.958275,1921.0
XM,TX01,31.423237,-103.105354,750.0
XM,TX02,31.513281,-103.203819,765.0
XM,TX03,31.623201,-103.323608,831.0
XM,TX04,31.733793,-103.445679,833.0
XM,TX05,31.878448,-103.607368,873.0
XM,TX06,31.967102,-103.706841,899.0
XM,UT51,37.073154,-109.996056,1498.0
XP,S09,37.9949,-105.8965,2312.0
XP,S11,37.811501,-107.669296,2863.0
XP,S12,37.792599,-107.135201,2793.0
XP,S13,37.670101,-106.653,2511.0
XP,S14,37.6628,-106.349998,2432.0
XP,S15,37.645,-105.800201,2302.0
XP,S16,37.621799,-104.846497,1989.0
XP,S17,37.450401,-107.791397,2063.0
XP,S18,37.4123,-105.376701,2500.0
XP,S19,37.3456,-106.913696,2342.0
XP,S20,37.339901,-106.196503,2493.0
XP,S21,37.348598,-105.875801,2309.0
XP,S22,37.274502,-107.522102,2213.0
XP,S23,37.2346,-107.809601,2113.0
XP,S24,37.220901,-107.209297,2095.0
XP,S25,37.1236,-105.385399,2509.0
XP,S26,37.0975,-105.601997,2344.0
XP,S27,37.439499,-107.186302,2390.0
XP,S28,37.8955,-106.386398,2623.0
XP,S29,36.959099,-106.535202,2587.0
XP,S30,36.784801,-105.597099,2350.0
XR,SC04,34.5228,-105.811897,1944.0
XR,SC05,34.571499,-105.055397,1692.0
XR,SC06,34.5145,-104.266403,1275.0
XR,SC07,34.1838,-105.687698,2128.0
XR,SC08,34.1567,-105.469704,1878.0
XR,SC09,34.151699,-105.001297,1554.0
XR,SC10,34.193699,-104.666603,1337.0
XR,SC11,34.2323,-104.295898,1222.0
XR,SC12,34.214802,-103.911598,1306.0
XR,SC13,34.213501,-103.526901,1246.0
XR,SC14,33.968201,-105.769501,1878.0
XR,SC15,33.830799,-105.025497,1473.0
XR,SC16,33.890301,-104.304298,1158.0
XR,SC17,33.893002,-103.544601,1369.0
XR,SC18,33.877399,-102.840897,1168.0
XR,SC19,33.518799,-105.974403,1413.0
XR,SC20,33.604198,-105.593498,2056.0
XR,SC21,33.5975,-105.165497,1667.0
XR,SC22,33.568199,-104.754204,1262.0
XR,SC23,33.599499,-104.328201,1118.0
XR,SC25,33.580601,-103.548203,1329.0
XR,SC26,33.504398,-103.118401,1212.0
XR,SC27,33.538502,-102.820702,1155.0
XR,SC28,33.5662,-102.491501,1097.0
XR,SC29,33.3102,-105.670502,2052.0
XR,SC30,33.2738,-105.169998,1732.0
XR,SC31,33.258999,-104.341499,1040.0
XR,SC32,33.193901,-103.5979,1292.0
XR,SC33,33.233398,-102.834297,1134.0
XR,SC34,32.951302,-105.816299,2135.0
XR,SC35,32.936901,-105.515297,2229.0
XR,SC36,33.005299,-105.18,1641.0
XR,SC37,32.937,-104.619202,1122.0
XR,SC38,32.928799,-104.340202,1030.0
XR,SC39,33.028599,-103.845299,1346.0
XR,SC40,32.931702,-103.540001,1247.0
XR,SC41,32.983299,-103.205597,1157.0
XR,SC42,32.872799,-102.861198,1069.0
XR,SC43,32.9426,-102.536903,1020.0
XR,SC44,32.757198,-105.946999,1252.0
XR,SC45,32.633701,-105.155197,1735.0
XR,SC46,32.653999,-104.361397,1006.0
XR,SC47,32.629002,-103.625702,1105.0
XR,SC48,32.689899,-102.904999,1065.0
XR,SC49,32.443001,-106.064003,1280.0
XR,SC50,32.3895,-105.615303,1427.0
XR,SC51,32.367298,-105.171799,1225.0
XR,SC52,32.487999,-104.827202,1439.0
XR,SC53,32.376598,-104.319199,1014.0
XR,SC54,32.283699,-104.039803,904.0
XR,SC55,32.1712,-103.673302,325.0
XR,SC56,32.3554,-103.398598,1073.0
XR,SC57,32.369099,-102.851303,1010.0
XR,SC58,32.288799,-102.548203,969.0
XR,SC59,31.9694,-105.148102,1116.0
XR,SC60,32.0937,-104.487701,1128.0
XR,SC61,31.9895,-103.691101,952.0
XR,SC62,32.011902,-102.937302,954.0
XR,SC63,31.8029,-104.846397,1294.0
XR,SC64,31.6996,-104.425797,1278.0
XR,SC65,31.726999,-104.017799,925.0
XR,SC66,31.6679,-103.736298,847.0
XR,SC67,31.705099,-103.395103,864.0
XR,SC68,31.8027,-102.769997,915.0
XR,SC69,31.6905,-102.587997,872.0
XR,SC70,31.366301,-103.737396,865.0
XR,SC71,31.646299,-103.065498,830.0
XR,SC72,31.1096,-103.634598,872.0
XR,SC73,30.9611,-102.987503,887.0
XR,SC74,31.002399,-102.677101,798.0
XR,SC75,31.874201,-105.952003,1602.0
XS,MC10A,33.116,-109.3836,1615.2
XS,MC10B,33.1161,-109.3843,1614.6
XS,MC11A,33.1137,-109.3858,1615.1
XS,MC11B,33.1137,-109.3858,1615.1
XS,MC1A,33.1169,-109.3889,1677.1
XS,MC1B,33.1169,-109.3889,1677.1
XS,MC2A,33.1149,-109.3826,1600.5
XS,MC2B,33.1143,-109.3833,1600.0
XS,MC3,33.115,-109.3858,1615.2
XS,MC4,33.1172,-109.3868,1615.8
XS,MC5A,33.1161,-109.3874,1615.3
XS,MC5B,33.1162,-109.3879,1615.0
XS,MC6A,33.1108,-109.3884,1615.7
XS,MC6B,33.1108,-109.3884,1615.7
XS,MC7A,33.1118,-109.384,1600.5
XS,MC7B,33.1118,-109.384,1600.5
XS,MC8A,33.1165,-109.3852,1615.5
XS,MC8B,33.1165,-109.3848,1615.4
XS,MC9A,33.1164,-109.3856,1616.0
XS,MC9B,33.1162,-109.3853,1615.7
XS,8100,34.0919,-106.87058,1399.9
XS,8101,34.09206,-106.8707,1399.3
XS,8102,34.09183,-106.87057,1399.4
XS,8103,34.09211,-106.87075,1401.2
XS,8104,34.0921,-106.87003,1402.4
XS,8105,34.09226,-106.87109,1401.2
XS,8106,34.09206,-106.86998,1398.7
XS,8107,34.09238,-106.87028,1403.0
XS,8108,34.09189,-106.86993,1404.5
XS,8109,34.09236,-106.87014,1399.3
XS,8110,34.09211,-106.86973,1402.4
XS,8111,34.09247,-106.86996,1398.4
XS,8112,34.09197,-106.86974,1400.3
XS,8113,34.09253,-106.87,1399.9
XX,KELLY,34.05,-107.13,2202.0
YE,1209,34.0737,-106.919,1430.0
YE,1755,34.0737,-106.919,1430.0
YE,1756,34.0737,-106.919,1430.0
YE,1757,34.0737,-106.919,1430.0
YE,1758,34.0737,-106.919,1430.0
YE,1759,34.0737,-106.919,1430.0
YE,DBT2,33.9573,-106.8458,1396.0
YE,DBT2A,33.9573,-106.8458,1396.0
YE,DBTTP,33.9574,-106.8458,1396.0
YE,NP02,34.0737,-106.919,1430.0
YE,NP04,34.0737,-106.919,1430.0
YE,NP05,34.0737,-106.919,1430.0
YE,NP06,34.0737,-106.919,1430.0
YN,PETR,34.211498,-106.826202,1513.0
YN,SNKE,34.254501,-106.969498,1567.7
YX,DUNB,34.162601,-106.901703,1411.0
YX,UNM1,36.961819,-104.819206,2470.0
YX,UNM2,36.802059,-104.863602,2166.0
YX,UNM3,36.84079,-105.039101,2575.0
YX,UNM4,36.992531,-105.056519,2784.0
YX,UNM5,37.12196,-104.782898,2035.0
YX,UNM6,37.35173,-104.723221,2084.0
YX,UNM7,37.287819,-104.93885,2639.0
Z2,SD01,37.634,-105.5481,2724.0
Z2,SD02,37.4447,-105.7493,2301.0
Z2,SD03,37.4844,-105.4355,2572.0
Z3,JEM1,35.622002,-106.721642,1600.0
Z3,JEM1,35.621262,-106.721123,1600.0
Z3,JEM2,35.62072,-106.747169,1600.0
Z3,JEM3,35.586319,-106.775726,1600.0
Z3,JEM4,35.593979,-106.733994,1600.0
Z3,JEM4,35.59396,-106.730087,1600.0
Z3,JEM5,35.590092,-106.705254,1600.0
Z3,JEM6,35.576241,-106.72876,1600.0
Z5,BR3T,33.978409,-107.186684,3194.0
Z5,DLE,33.978256,-107.186287,3193.0
Z5,DLW,33.978275,-107.186264,3191.0
Z5,FL3T,33.978413,-107.186684,3192.0
Z5,FLEP,33.978416,-107.186699,3195.0
Z5,FLTC,33.978443,-107.186691,3192.0
Z5,FT3T,33.978367,-107.186729,3185.0
Z5,MT3T,33.978413,-107.186722,3188.0
Z7,MROI,33.979,-107.189003,3186.0
ZQ,M101,33.982601,-102.087898,1046.1
ZQ,M102,33.9585,-102.077202,1058.9
ZQ,M103,33.941601,-102.054703,1058.9
ZQ,M104,33.913502,-102.045601,1061.9
ZQ,M105,33.8908,-102.031601,1045.2
ZQ,M106,33.872501,-102.003502,1039.7
ZQ,M201,33.982601,-102.087898,1046.1
ZQ,M202,33.9585,-102.077202,1058.9
ZQ,M203,33.941601,-102.054703,1058.9
ZQ,M205,33.8908,-102.031601,1045.2
ZQ,M301,33.982601,-102.087898,1046.1
ZQ,M302,33.9585,-102.077202,1058.9
ZQ,M303,33.941601,-102.054703,1058.9
ZQ,M304,33.913502,-102.045601,1061.9
ZQ,M305,33.8908,-102.031601,1045.2
ZQ,M306,33.872501,-102.003502,1039.7
ZQ,M401,33.982601,-102.087898,1046.1
ZQ,M402,33.9585,-102.077202,1058.9
ZQ,M403,33.941601,-102.054703,1058.9
ZQ,M404,33.913502,-102.045601,1061.9
ZQ,M405,33.8908,-102.031601,1045.2
ZQ,M406,33.872501,-102.003502,1039.7
ZQ,M501,33.982601,-102.087898,1046.1
ZQ,M502,33.9585,-102.077202,1058.9
ZQ,M503,33.941601,-102.054703,1058.9
ZQ,M504,33.913502,-102.045601,1061.9
ZQ,M505,33.8908,-102.031601,1045.2
ZQ,M506,33.872501,-102.003502,1039.7
ZQ,M602,33.9585,-102.077202,1058.9
ZQ,M603,33.941601,-102.054703,1058.9
ZQ,M604,33.913502,-102.045601,1061.9
ZQ,M605,33.8908,-102.031601,1045.2
ZQ,M606,33.872501,-102.003502,1039.7
ZQ,MS1,33.97361,-102.780563,1173.0
ZQ,MS2,33.934341,-102.784172,1141.0
ZQ,MS3,33.935421,-102.758621,1139.0
ZQ,MS4,33.966228,-102.746109,1169.0
ZQ,MS5,33.987572,-102.719116,1143.0
ZU,AZA19,32.665996,-109.49654,1029.286254883
ZU,AZB19,32.148583,-109.466373,1531.49420166012
ZU,AZC19,31.341426,-109.420564,1400.899230957
ZU,AZC19,31.341183,-109.416686,1423.9
ZU,AZU19,36.49707,-109.342348,1753.65637207
ZU,AZV19,35.886612,-109.368872,2231.80225830075
ZU,AZW19,35.157685,-109.580368,1752.702148438
ZU,AZX19,34.339613,-109.426368,1938.45324707
ZU,AZY19,33.835124,-109.473983,2730.67235107425
ZU,AZZ19,33.287698,-109.38905,1822.5989379885
ZU,COS20,37.711466,-108.474766,2337.766064453
ZU,COS21,37.77119,-107.626658,3542.95202636725
ZU,COS22,37.734569,-106.909849,3481.41229248063
ZU,COS23,37.938344,-106.046964,2306.1690063475
ZU,COS24,37.751017,-105.398388,2746.20007324225
ZU,COS25,37.779983,-104.665562,1837.08001708975
ZU,COS26,37.732594,-103.623481,1391.58660888663
ZU,COS27,37.828593,-102.975026,1297.7470092775
ZU,COS28,37.869652,-102.146964,1109.575
ZU,COT20,37.280185,-108.589228,1919.46027832025
ZU,COT21,37.150471,-107.531156,2075.951660156
ZU,COT22,37.264608,-106.956128,2217.39370727525
ZU,COT23,37.23203,-106.155889,2520.79535522475
ZU,COT24,37.271802,-105.298706,2888.60933227537
ZU,COT25,37.281517,-104.648767,2119.947631836
ZU,COT26,37.086117,-103.70267,1768.507220459
ZU,COT27,37.124518,-102.987528,1496.6634277345
ZU,COT28,37.046355,-102.220577,1129.96689605719
ZU,NMA20,32.601436,-108.77303,1338.9661231995
ZU,NMA21,32.548099,-107.939944,1554.36319465623
ZU,NMA22,32.745225,-107.149549,1433.9909667965
ZU,NMA23,32.693351,-106.458084,1201.46752014163
ZU,NMA24,32.773691,-105.840423,2301.6708984375
ZU,NMA25,32.801077,-105.083331,1531.1818115235
ZU,NMA26,32.601672,-104.303705,1031.56738281275
ZU,NMA27,32.735005,-103.527242,1216.3295410155
ZU,NMB20,32.131846,-108.79662,1361.51105499281
ZU,NMB21,32.087012,-108.099704,1367.90874023438
ZU,NMB22,32.087084,-107.300443,1272.61507568312
ZU,NMB23,32.080178,-106.513377,1278.29231872562
ZU,NMB24,32.172173,-105.731098,1533.03550415037
ZU,NMB25,32.154247,-105.079984,1120.8171875
ZU,NMB26,32.157958,-104.436031,1122.07589721675
ZU,NMB27,32.161182,-103.640551,1076.3598632815
ZU,NMC20,31.438112,-108.971911,1650.017333984
ZU,NMU20,36.460635,-108.501136,1656.758544922
ZU,NMU21,36.568225,-107.575011,2023.1009521485
ZU,NMU22,36.497275,-106.958205,2356.3771972655
ZU,NMU23,36.610124,-106.123856,2637.08593749975
ZU,NMU24,36.604869,-105.384199,2937.0150146485
ZU,NMU25,36.532588,-104.779766,1916.04626464887
ZU,NMU26,36.528041,-103.879128,1970.9500732425
ZU,NMU27,36.537798,-103.223645,1670.8721191405
ZU,NMV20,35.920978,-108.532901,1801.561303711
ZU,NMV21,35.839248,-107.916549,2049.578466797
ZU,NMV22,35.878901,-106.942481,2060.33335571281
ZU,NMV23,36.008092,-106.15148,1987.553488159
ZU,NMV24,35.910507,-105.400803,2803.3693847655
ZU,NMV25,35.883753,-104.716335,1911.58303833012
ZU,NMV26,35.783683,-103.857885,1648.26147613525
ZU,NMV27,35.915518,-103.167277,1373.27774047869
ZU,NMW20,35.273922,-108.735317,2169.725
ZU,NMW21,35.35728,-107.798695,2081.828417969
ZU,NMW22,35.21674,-107.122425,1818.93040161138
ZU,NMW23,35.209401,-106.166972,2113.21520996075
ZU,NMW24,35.300872,-105.637035,2164.05395507825
ZU,NMW25,35.302035,-104.572087,1511.51723403903
ZU,NMW26,35.21429,-103.900521,1445.038574219
ZU,NMW27,35.300381,-103.231055,1177.53364562975
ZU,NMX20,34.470528,-108.712288,1945.494018555
ZU,NMX21,34.488391,-107.988426,2292.411010742
ZU,NMX22,34.435278,-107.204412,1837.29242248538
ZU,NMX23,34.571474,-106.317469,2086.3846923825
ZU,NMX24,34.450519,-105.598888,1840.4966552735
ZU,NMX25,34.623024,-104.776556,1521.55
ZU,NMX26,34.552956,-103.975672,1425.8658447265
ZU,NMX27,34.577112,-103.374544,1354.23962402375
ZU,NMY20,33.957069,-108.787672,2308.79661865225
ZU,NMY21,33.966801,-107.900114,2099.75677490225
ZU,NMY22,33.833654,-107.278627,1798.46841430675
ZU,NMY23,33.961051,-106.429563,1607.129598999
ZU,NMY24,33.95594,-105.581312,1905.307873535
ZU,NMY25,33.866076,-104.868019,1386.9486083985
ZU,NMY26,33.985937,-104.214407,1168.884436035
ZU,NMY27,33.874848,-103.269326,1288.9
ZU,NMZ20,33.162557,-108.751817,1725.63209228525
ZU,NMZ21,33.338873,-108.05243,1978.43667907725
ZU,NMZ22,33.360475,-107.25628,1493.8329956055
ZU,NMZ23,33.290483,-106.766668,1844.289794922
ZU,NMZ24,33.388024,-105.586747,2172.58239746112
ZU,NMZ25,33.306618,-104.891248,1385.85498046838
ZU,NMZ26,33.247191,-104.236112,1089.42488098159
ZU,NMZ27,33.425009,-103.363016,1241.736755371
ZU,OKU28,36.594017,-102.267032,1172.9
ZU,REA22,32.708912,-107.313815,1293.890625
ZU,REB19,32.008988,-109.388827,1564.9625
ZU,REB20,32.073168,-108.732671,1494.013183594
ZU,REB26,32.001846,-104.395994,1143.546386719
ZU,REC19,31.341181,-109.41668,1427.590447998
ZU,REC26,31.417478,-104.577648,1579.225
ZU,REE29,30.293256,-102.293507,822.7
ZU,RES28,37.869582,-102.147004,1171.45
ZU,REU20,36.420488,-108.51571,1643.7881469725
ZU,REU21,36.473552,-107.596005,2134.1989990235
ZU,REV22,35.894425,-106.869281,2446.498413086
ZU,REW24,35.226205,-105.618515,2001.017150879
ZU,REY19,33.835065,-109.473929,2734.05
ZU,TTB26,32.058962,-104.288195,1023.929473877
ZU,TXB28,32.217647,-102.895968,988.7072631835
ZU,TXC24,31.493786,-106.042888,1201.525
ZU,TXC25,31.599683,-105.1614,1304.93377075225
ZU,TXC26,31.517419,-104.414579,1228.226586914
ZU,TXC27,31.425943,-103.738524,883.4287612915
ZU,TXC28,31.357487,-102.839907,750.95308380125
ZU,TXC29,31.28699,-102.277687,955.145355224625
ZU,TXD25,30.811978,-105.082028,1201.1956207275
ZU,TXD26,30.778985,-104.584091,1336.83746643075
ZU,TXD27,30.706458,-103.741563,1674.2703125
ZU,TXD28,30.775017,-103.336375,1103.843231201
ZU,TXD29,30.918015,-102.228178,803.403533936
ZU,TXE26,30.20387,-104.589334,1012.5110672
ZU,TXE28,30.225142,-102.925121,1366.022505188
ZU,TXE29,30.293261,-102.293505,823.90843811025
ZU,TXW28,35.109217,-102.504724,1237.7
ZU,TXX28,34.558056,-102.384952,1186.75
ZU,TXY28,33.963475,-102.76247,1175.7
ZU,TXZ28,33.342556,-102.707861,1112.28125
ZU,UTS19,37.789898,-109.292153,1996.9785461425
ZU,UTT19,37.270464,-109.364129,1378.319848633
ZZ,VLS01,35.977074,-106.547527,2535.0
ZZ,VLS02,35.850895,-106.452103,2626.0
ZZ,VLS03,35.893795,-106.566054,2858.0
ZZ,VLS04,35.965606,-106.619933,2571.0
ZZ,VLS05,35.92343,-106.40825,2905.0
ZZ,VLS06,35.835624,-106.598138,2526.0
